thumbnail,title,category,view_count,likes_count,dislikes_count,upload_date,video_length,subscribe_count
0,1,eating,15078698,160000,9000,16,19,1370000
0.5,1,eating,9335028,150000,7500,16,12,1710000
0,3,eating,8597474,100000,9400,16,11,1140000
0,1,eating,8250031,82000,4300,16,11,1370000
0,3,eating,7974240,110000,5900,16,9,1370000
0.5,1,eating,7740270,84000,8100,13,16,402000
0,5,eating,6818542,96000,3000,15,12,2040000
0,1,eating,6514885,99000,5200,16,11,1140000
0,1,eating,5905261,72000,6200,16,11,1140000
0.5,1,eating,5399509,57000,3800,16,12,1710000
0,3,eating,5280847,66000,4300,16,10,1140000
0,3,eating,5264288,61000,4400,16,10,1140000
0,1,eating,5216267,58000,3100,15,13,2040000
0,3,eating,5205025,53000,3900,5,17,532000
0,3,eating,5087014,68000,4300,16,12,1370000
0.5,1,eating,4951438,57000,2600,16,13,1710000
0.5,3,eating,4932640,68000,2600,19,11,2320000
0.5,5,eating,4736473,77000,2400,19,11,2320000
0.5,1,eating,4711343,60000,4200,13,15,402000
0,1,eating,4018912,69000,4500,16,12,1140000
0,3,eating,4018508,73000,3200,16,10,1370000
0.5,5,eating,3992896,51000,2600,16,12,1710000
0,1,eating,3939130,49000,1700,15,12,2040000
0.5,1,eating,3860093,47000,1100,16,13,1710000
0,1,eating,3773965,44000,1900,15,26,2040000
0,1,eating,3690384,53000,3700,16,11,1140000
0,5,eating,3438566,48000,1900,5,18,532000
0.5,1,eating,3425858,47000,2800,16,13,1710000
0,1,eating,3400938,42000,1800,15,11,2040000
2.5,1,eating,3342533,55000,1900,16,11,1710000
2.5,1,eating,3316243,38000,2700,16,11,1710000
0,1,eating,3269074,44000,1500,15,15,2040000
0.5,3,eating,3253019,53000,3000,16,13,1710000
0,1,eating,3182437,36000,2800,16,10,1140000
0,5,eating,3165942,48000,2300,5,11,532000
0,5,eating,3109681,43000,1100,15,8,2040000
0.5,1,eating,3105782,37000,1120,16,11,1710000
2.5,1,eating,3103232,49000,1700,16,12,1710000
0.5,0,eating,3075733,61000,1200,19,11,2320000
0.5,1,eating,3040650,43000,2100,13,10,402000
0.5,4,eating,3031529,63000,1900,15,10,2040000
0,1,eating,2955028,43000,1200,15,9,2040000
0,3,eating,2866163,39000,2500,5,7,532000
0,1,eating,2840077,40000,2400,5,8,532000
2.5,1,eating,2808257,43000,1900,16,11,1710000
0,1,eating,2798903,44000,1300,15,14,2040000
0.5,1,eating,2791284,50000,1700,19,11,2320000
0,1,eating,2754853,39000,1700,16,16,1370000
2.5,1,eating,2744174,52000,1700,16,11,1710000
0.5,0,eating,2725751,40000,995,15,11,2040000
0.5,5,eating,2706901,68000,1100,19,13,2320000
0,5,eating,2702655,39000,1100,15,14,2040000
0,1,eating,2695626,39000,1100,15,12,2040000
2.5,1,eating,2682422,40000,2200,16,13,1710000
0,1,eating,2675256,38000,2300,16,12,1140000
0.5,1,eating,2633555,30000,1700,16,13,1710000
0,1,eating,2633042,29000,1400,16,8,1370000
2.5,1,eating,2615288,41000,1600,16,12,1710000
2.5,1,eating,2601161,34000,1600,16,14,1710000
2.5,1,eating,2521240,30000,1600,16,9,1710000
2.5,1,eating,2519413,38000,2000,16,12,1710000
2.5,1,eating,2510277,42000,1300,16,11,1710000
0.5,1,eating,2497218,34000,1400,16,12,1710000
0.5,1,eating,2494517,40000,1600,16,13,1710000
0,2,eating,2491188,36000,1500,16,9,1370000
2.5,1,eating,2378526,47000,1600,16,12,1710000
2.5,5,eating,2357497,44000,1300,16,14,1710000
0.5,1,eating,2352890,47000,942,19,11,2320000
0.5,3,eating,2316587,30000,1400,13,11,402000
0,1,eating,2313349,30000,1000,15,17,2040000
0,1,eating,2304504,30000,1100,15,12,2040000
0,2,eating,2297170,31000,1400,15,11,2040000
0,1,eating,2259005,29000,1100,15,14,2040000
0.5,1,eating,2251159,35000,1400,19,11,2320000
2.5,1,eating,2232295,43000,1300,16,12,1710000
0.5,1,eating,2166086,31000,1300,16,12,1710000
0,1,eating,2153151,25000,1000,15,15,2040000
0.5,1,eating,2146778,39000,1000,19,11,2320000
0,1,eating,2130427,34000,2000,16,13,1140000
2.5,1,eating,2116899,34000,1200,16,12,1710000
0,1,eating,2112794,31000,1900,16,11,1140000
0.5,1,eating,2104876,32000,1000,16,11,1710000
0.5,1,eating,2094818,34000,1300,19,12,2320000
0,1,eating,2086585,25000,1100,16,15,1370000
2.5,1,eating,2070036,27000,1000,16,12,1710000
0,1,eating,2038359,28000,871,15,18,2040000
0,1,eating,2032414,27000,1000,16,11,1370000
0.5,5,eating,2025226,40000,1400,16,12,1710000
2.5,1,eating,2023150,41000,1000,16,11,1710000
0.5,4,eating,2011310,46000,787,19,13,2320000
0,5,eating,2010711,32000,966,15,13,2040000
0.5,1,eating,1998687,24000,1100,16,12,1710000
0.5,0,eating,1989905,51000,1100,19,12,2320000
0.5,1,eating,1985081,37000,1300,16,11,1710000
2.5,5,eating,1946421,32000,1100,16,11,1710000
0.5,1,eating,1920943,38000,970,19,12,2320000
0,1,eating,1913396,28000,1700,16,10,1140000
0,1,eating,1896552,23000,1000,15,12,2040000
0,1,eating,1895008,34000,970,15,11,2040000
0.5,0,eating,1862746,45000,802,19,12,2320000
0,1,eating,1861419,29000,792,15,8,2040000
0.5,1,eating,1857544,23000,967,13,15,402000
0.5,1,eating,1841734,33000,963,19,12,2320000
0.5,2,eating,1818012,22000,1100,13,11,402000
2.5,1,eating,1815545,37000,1100,16,11,1710000
0,1,eating,1813525,28000,804,15,12,2040000
0,1,eating,1806191,27000,2000,16,12,1140000
0,1,eating,1791175,27000,738,15,13,2040000
2.5,1,eating,1753820,33000,1100,16,11,1710000
0.5,1,eating,1748875,24000,1200,13,13,402000
0,1,eating,1747425,24000,1400,16,14,1140000
0,3,eating,1740364,27000,1000,16,10,1370000
2.5,5,eating,1714674,31000,1110,16,11,1710000
0.5,2,eating,1696482,23000,1000,13,11,402000
2.5,1,eating,1675859,27000,875,16,13,1710000
2.5,1,eating,1675639,35000,1400,16,11,1710000
2.5,1,eating,1675240,29000,883,16,11,1710000
0,5,eating,1656421,31000,926,16,18,1370000
0.5,4,eating,1652256,37000,664,19,12,2320000
0,1,eating,1644588,21000,841,15,15,2040000
0,1,eating,1634349,25000,721,15,11,2040000
0,1,eating,1633618,23000,1200,16,10,1140000
0,1,eating,1629946,18000,1100,5,12,532000
0.5,1,eating,1604435,28000,1200,16,14,1710000
0.5,1,eating,1603009,15000,1600,13,5,402000
2.5,1,eating,1586203,30000,1000,16,12,1710000
2.5,1,eating,1584639,22000,842,16,9,1710000
2.5,1,eating,1576349,22000,873,16,13,1710000
0,1,eating,1575100,23000,1100,16,9,1140000
0,5,eating,1570046,26000,735,15,15,2040000
0,1,eating,1561934,24000,1100,16,12,1140000
0,1,eating,1558762,22000,957,16,16,1370000
2.5,1,eating,1551376,23000,1100,16,12,1710000
0.5,1,eating,1550194,21000,841,16,11,1710000
2.5,1,eating,1548327,26000,838,16,12,1710000
0.5,3,eating,1542804,32000,721,19,11,2320000
0,5,eating,1532119,23000,669,15,17,2040000
0,1,eating,1531656,24000,792,15,12,2040000
0,1,eating,1525818,29000,1100,16,10,1140000
0,5,eating,1520154,24000,950,16,15,1370000
0,4,eating,1517407,22000,815,15,9,2040000
0.5,1,eating,1488034,31000,1800,16,10,1710000
0.5,1,eating,1468369,29000,1200,16,13,1710000
0.5,1,eating,1467874,30000,773,19,11,2320000
0,1,eating,1460755,24000,803,15,12,2040000
0.5,1,eating,1456844,29000,1000,16,13,1710000
0.5,1,eating,1454878,26000,1100,16,8,1710000
0,3,eating,1453764,24000,833,16,11,1370000
0,1,eating,1447316,23000,647,15,12,2040000
0,5,eating,1444041,27000,750,15,13,2040000
0.5,0,eating,1425269,34000,679,19,11,2320000
0,5,eating,1425113,22000,752,15,14,2040000
0,1,eating,1415449,22000,1100,16,10,1140000
0.5,1,eating,1403278,35000,797,19,11,2320000
0.5,1,eating,1395440,29000,693,19,12,2320000
0.5,1,eating,1383344,26000,878,19,11,2320000
0.5,1,eating,1376448,32000,728,19,11,2320000
0,1,eating,1373118,22000,642,15,10,2040000
0,1,eating,1371496,20000,1100,16,12,1140000
0,5,eating,1370782,20000,575,15,16,2040000
0.5,1,eating,1355422,29000,735,19,11,2320000
0,3,eating,1347687,17000,930,16,14,1370000
0.5,1,eating,1329771,34000,1200,16,14,1710000
0.5,1,eating,1314459,28000,715,19,11,2320000
0,1,eating,1307145,22000,626,15,12,2040000
0,1,eating,1275602,23000,651,15,14,2040000
0,1,eating,1270074,20000,622,15,13,2040000
0,1,eating,1244120,17000,937,16,14,1370000
0,1,eating,1241987,18000,720,15,19,2040000
0.5,0,eating,1237063,36000,509,19,11,2320000
0,1,eating,1211568,24000,682,15,13,2040000
0,1,eating,1198460,19000,564,15,11,2040000
0,4,eating,1186881,22000,675,15,11,2040000
0,1,eating,1186543,18000,1100,16,12,1140000
0,1,eating,1168755,22000,907,16,10,1140000
0.5,1,eating,1147319,25000,579,19,13,2320000
0.5,1,eating,1146431,18000,752,13,10,402000
2.5,1,eating,1129589,18000,903,16,12,1710000
0,1,eating,1126748,18000,622,15,15,2040000
0,1,eating,1123379,19000,1400,16,13,1140000
0,1,eating,1115855,17000,1100,16,12,1140000
0,3,eating,1107056,20000,571,5,9,532000
0,1,eating,1105622,15000,974,16,11,1140000
0.5,1,eating,1105524,15000,652,13,13,402000
0,2,eating,1071810,19000,734,15,11,2040000
0.5,3,eating,1053871,18000,622,13,15,402000
0.5,1,eating,1050008,25000,513,19,11,2320000
0,1,eating,1037829,16000,641,16,13,1370000
0.5,2,eating,1031759,16000,710,13,9,402000
0.5,1,eating,1026646,22000,538,19,11,2320000
0,1,eating,1023435,17000,621,16,10,1370000
0.5,5,eating,992925,27000,530,19,11,2320000
0,3,eating,988489,22000,543,15,15,2040000
0,1,eating,969093,17000,848,16,11,1140000
0,1,eating,959225,16000,859,16,13,1140000
0,1,eating,951742,16000,569,16,14,1370000
0,5,eating,950042,17000,612,15,15,2040000
0,4,eating,914055,13000,470,5,7,532000
0,1,eating,894811,12000,550,16,12,1370000
0,1,eating,887870,16000,568,15,12,2040000
0.5,1,eating,869918,12000,524,13,7,402000
0,3,eating,861179,14000,487,16,14,1370000
0.5,5,eating,857241,28000,445,19,11,2320000
0.5,0,eating,854306,21000,355,15,12,2040000
0.5,4,eating,853370,25000,373,19,11,2320000
0,1,eating,849283,14000,581,16,8,1370000
0,1,eating,842873,11000,434,16,15,1370000
0,3,eating,831293,18000,659,16,18,1370000
0.5,1,eating,829264,23000,495,19,11,2320000
0,5,eating,818116,15000,787,16,11,1140000
0.5,1,eating,803723,20000,402,19,11,2320000
0,5,eating,790371,16000,633,16,16,1370000
0.5,1,eating,783221,26000,413,19,11,2320000
0,1,eating,781296,15000,628,16,10,1140000
0.5,1,eating,779168,10000,465,13,11,402000
0.5,1,eating,758738,14000,668,13,14,402000
0,1,eating,737891,12000,455,16,14,1370000
0,1,eating,737091,12000,502,16,14,1370000
0,5,eating,727368,15000,644,16,14,1140000
0.5,1,eating,720704,13000,489,13,8,402000
0,1,eating,709521,13000,702,16,14,1140000
0.5,0,eating,696557,11000,572,15,8,2040000
0,5,eating,690645,11000,265,5,13,532000
0,5,eating,686485,13000,415,16,19,1370000
0,1,eating,678705,12000,594,16,20,1370000
0,1,eating,662353,11000,484,16,13,1370000
0,1,eating,657731,12000,424,16,11,1370000
0.5,1,eating,641888,18000,328,19,12,2320000
0,1,eating,633590,12000,1600,16,10,1370000
0.5,1,eating,629754,24000,347,19,11,2320000
0,5,eating,628218,13000,527,16,11,1140000
0,1,eating,624157,11000,515,16,9,1140000
0.5,1,eating,617007,19000,497,19,11,2320000
0.5,0,eating,607844,7900,443,13,14,402000
0,1,eating,604973,9700,364,5,10,532000
0.5,1,eating,595985,8400,378,13,8,402000
0.5,5,eating,592468,18000,368,19,9,2320000
0,5,eating,589475,13000,546,16,10,1140000
0,1,eating,588206,13000,502,16,11,1370000
0,1,eating,585735,10000,452,16,10,1140000
0,1,eating,584960,9500,343,16,11,1370000
0.5,2,eating,579794,9000,536,13,16,402000
0.5,1,eating,577907,7000,217,13,11,402000
0,1,eating,565536,9400,345,16,10,1140000
0,5,eating,551128,11000,467,16,11,1140000
0,2,eating,548659,10000,410,16,12,1370000
0,3,eating,539791,10000,228,5,12,532000
0,4,eating,539568,10000,385,16,10,1370000
0.5,1,eating,513216,6700,262,13,13,402000
0.5,2,eating,510503,5800,326,13,16,402000
0,5,eating,503143,11000,334,16,19,1370000
0,5,eating,482257,11000,295,16,11,1370000
0,5,eating,481584,10000,264,5,13,532000
0.5,1,eating,465541,8300,420,13,17,402000
0,3,eating,450576,7800,158,5,11,532000
0,3,eating,449389,9000,299,16,17,1370000
0.5,1,eating,449335,6600,282,13,11,402000
0.5,2,eating,448845,6800,294,13,12,402000
0,1,eating,424409,5900,173,5,11,532000
0,1,eating,417076,8100,326,16,10,1370000
0,1,eating,415381,8300,319,16,15,1370000
0,5,eating,388010,9600,396,16,12,1140000
0,4,eating,381148,9000,368,16,9,1370000
0,3,eating,372072,7800,202,5,15,532000
0.5,3,eating,371265,7700,262,13,12,402000
0.5,3,eating,363226,6900,262,13,11,402000
0,1,eating,323624,6600,263,16,14,1370000
0,1,eating,319284,5600,193,5,24,532000
0,5,eating,309475,6900,202,5,13,532000
0,3,eating,304571,5600,159,5,12,532000
0,1,eating,295006,5400,115,5,17,532000
0,4,eating,283626,8500,262,16,15,1370000
0,4,eating,278551,5600,129,5,7,532000
0,1,eating,269416,5100,96,5,11,532000
0,3,eating,259633,5300,93,5,10,532000
0,1,eating,233353,4700,108,5,9,532000
0,4,eating,231010,4900,117,5,8,532000
0,3,eating,228821,4000,93,5,11,532000
0,1,eating,204458,4800,84,5,12,532000
0,1,eating,201003,3400,78,5,23,532000
0.5,1,eating,197737,3000,113,13,14,402000
0,3,eating,195825,4100,94,5,25,532000
0.5,3,eating,192157,3100,83,13,12,402000
0,3,eating,191741,3700,120,5,7,532000
0,5,eating,184921,3600,76,5,20,532000
0,1,eating,184723,3600,74,5,23,532000
0,1,eating,176337,4900,107,5,9,532000
0.5,0,eating,176160,2900,109,13,9,402000
0.5,0,eating,170368,6800,81,16,4,1370000
0,1,eating,162588,3000,73,5,11,532000
0,5,eating,158490,2900,87,5,58,532000
0.5,5,eating,148954,3600,92,13,15,402000
0.5,3,eating,145812,2400,104,13,8,402000
0,0,eating,142883,3200,47,5,8,532000
0,1,eating,141223,2700,86,5,14,532000
0.5,3,eating,139040,1800,54,13,9,402000
0,4,eating,131009,2700,83,5,8,532000
0,5,eating,128851,2700,85,5,10,532000
0,1,eating,123695,2800,57,5,13,532000
0.5,3,eating,113976,2600,99,13,8,402000
0,1,eating,107552,3000,65,5,10,532000
1.5,1,eating,107095,2800,55,5,7,532000
0,4,eating,105262,2500,64,5,12,532000
0.5,1,eating,104158,1800,60,13,6,402000
0.5,1,eating,100411,1700,51,13,11,402000
0.5,2,eating,98041,2600,68,13,10,402000
0.5,1,eating,95699,1700,76,13,9,402000
0,1,eating,92360,2400,81,5,9,532000
0.5,1,eating,81281,1700,34,13,11,402000
0.5,0,eating,79909,1900,45,13,10,402000
0,1,eating,78540,2600,37,5,11,532000
0.5,2,eating,62631,6400,97,19,11,2320000
0.5,3,eating,50546,1200,42,13,12,402000
0.5,1,eating,50249,1100,32,13,8,402000
0.5,1,eating,11823,1600,49,13,14,402000
1,0,beauty,569660,24000,453,4,3,780000
2,1,beauty,172620,7400,75,3,3,532000
0,0,beauty,156336,3300,275,6,3,720000
5,0,beauty,83563,2300,26,6,3,720000
0,0,beauty,121444,3100,185,6,3,720000
1,0,beauty,503949,8700,403,4,4,273000
0,0,beauty,1164440,19000,1200,4,4,273000
0,2,beauty,106759,10000,39,3,4,460000
3,2,beauty,186887,6100,60,3,4,671000
2,1,beauty,65906,2100,14,3,4,532000
0,1,beauty,4958523,130000,1200,3,4,532000
3,2,beauty,280451,4900,91,2,4,515000
0,2,beauty,246478,6700,63,2,4,515000
3,2,beauty,68007,3400,25,2,4,515000
4,2,beauty,336887,11000,126,2,4,515000
0,0,beauty,60848,1900,37,2,4,515000
0,2,beauty,126848,5300,36,4,5,780000
2,1,beauty,258346,5000,67,4,5,780000
0,0,beauty,1452303,32000,377,4,5,273000
4,2,beauty,78148,2900,26,4,5,559000
3,2,beauty,422367,13000,136,3,5,671000
4,2,beauty,781497,14000,191,3,5,532000
0,2,beauty,72589,3600,30,2,5,515000
0,2,beauty,216498,11000,48,2,5,515000
0,2,beauty,117266,5500,44,2,5,515000
0,2,beauty,194177,7100,73,2,5,515000
0,2,beauty,108989,5500,48,2,5,515000
3,2,beauty,1251632,33000,307,3,6,671000
0,2,beauty,361061,14000,147,2,6,515000
3,2,beauty,9014177,240000,4800,3,6,671000
0,0,beauty,1063816,24000,627,4,6,273000
0,0,beauty,948294,6900,181,4,6,273000
1,2,beauty,252943,15000,114,4,6,559000
3,2,beauty,3303363,75000,2000,3,6,671000
0,2,beauty,1881679,60000,819,2,6,515000
0,1,beauty,162825,3800,54,4,6,780000
3,2,beauty,358109,13000,98,3,6,671000
3,2,beauty,2361796,60000,1300,3,6,671000
0,2,beauty,140399,6600,53,4,7,780000
0,2,beauty,231153,25000,109,4,7,559000
2,0,beauty,596088,10000,142,4,7,559000
0,3,beauty,55340,1500,19,3,7,532000
0,1,beauty,752576,13000,161,4,7,574000
2,1,beauty,391663,11000,105,3,7,532000
0,0,beauty,942968,44000,276,4,7,559000
0,2,beauty,150472,5500,58,2,7,515000
0,2,beauty,3330691,12000,1700,2,7,515000
1,2,beauty,323495,4600,61,6,7,374000
0,2,beauty,1112872,47000,435,2,7,515000
1,0,beauty,22800,1400,14,4,7,759000
1,0,beauty,129425,3200,60,5,7,763000
0,3,beauty,165442,2100,110,4,7,759000
0,1,beauty,118334,2500,26,4,7,273000
2,1,beauty,226712,8700,55,4,7,574000
3,3,beauty,279528,4800,80,6,7,374000
0,0,beauty,1442096,100000,894,4,7,559000
0,2,beauty,1356461,49000,240,3,7,460000
0,3,beauty,91712,2400,54,4,8,759000
0,0,beauty,988916,33000,382,4,8,574000
0,2,beauty,109259,7800,58,4,8,559000
0,2,beauty,1474679,38000,380,3,8,532000
0,3,beauty,111871,2100,71,4,8,759000
4,2,beauty,126296,1100,58,6,8,720000
0,2,beauty,1635718,82000,384,3,8,460000
0,2,beauty,159131,6900,80,4,8,780000
0,2,beauty,971594,21000,234,4,8,561000
0,2,beauty,811700,60000,654,4,8,559000
0,2,beauty,162835,6700,64,4,8,780000
4,0,beauty,310045,8000,107,4,8,574000
0,3,beauty,78845,1300,56,4,9,759000
1,0,beauty,565229,5900,170,4,9,273000
0,2,beauty,86380,6200,35,4,9,559000
1,0,beauty,457179,6300,115,6,9,374000
0,2,beauty,465617,16000,194,2,9,515000
1,0,beauty,1512499,1100,626,6,9,374000
0,2,beauty,226637,7800,59,3,9,532000
0,3,beauty,39629,962,16,5,9,763000
0,2,beauty,161629,1600,69,6,9,720000
1,0,beauty,341734,3600,78,6,9,374000
0,2,beauty,1818857,49000,354,6,9,720000
0,0,beauty,132625,2200,80,4,9,759000
0,2,beauty,921027,37000,170,3,9,460000
3,0,beauty,1960,280,2,3,9,671000
0,0,beauty,1507265,21000,484,6,9,720000
3,3,beauty,515515,7800,159,4,9,759000
0,0,beauty,1426287,41000,544,4,9,559000
4,2,beauty,147060,2800,26,4,9,780000
4,2,beauty,188352,4500,45,4,10,561000
0,2,beauty,529223,19000,124,4,10,780000
0,2,beauty,459376,58000,168,4,10,780000
2,0,beauty,294065,3200,127,6,10,374000
0,2,beauty,45634,994,12,5,10,791000
0,0,beauty,1768576,4800,1900,6,10,888000
1,2,beauty,221942,2300,121,6,10,374000
4,3,beauty,119399,2500,23,5,10,791000
0,2,beauty,152586,3900,42,5,10,763000
3,3,beauty,1162524,31000,526,6,10,720000
0,2,beauty,730408,13000,166,3,10,460000
0,2,beauty,1227607,22000,310,6,10,720000
0,2,beauty,1503695,20000,364,4,10,561000
0,2,beauty,2886774,24000,1400,5,10,763000
4,0,beauty,153246,2400,56,4,11,273000
1,0,beauty,335166,4700,73,6,11,374000
1,0,beauty,121067,3300,38,6,11,888000
2,3,beauty,85396,2200,39,4,11,759000
2,1,beauty,254226,5800,83,6,11,888000
3,3,beauty,234186,7600,85,4,11,759000
0,2,beauty,2766067,83000,100,2,11,515000
1,0,beauty,370299,4700,103,6,11,888000
0,2,beauty,77279,1600,33,3,11,532000
5,2,beauty,352873,9400,81,3,11,671000
4,0,beauty,674449,7100,260,6,11,888000
2,1,beauty,1404580,3900,241,3,11,460000
0,0,beauty,28967,817,19,4,11,759000
2,1,beauty,118622,1900,53,6,11,720000
4,4,beauty,115277,5100,23,5,11,791000
1,0,beauty,79787,2300,37,4,11,559000
0,3,beauty,79405,1900,39,4,11,759000
0,2,beauty,734018,23000,183,2,11,515000
0,3,beauty,53847,1300,38,4,11,759000
3,2,beauty,103217,4000,25,3,11,671000
0,2,beauty,109863,2800,37,3,11,532000
4,0,beauty,257173,2800,73,6,12,374000
0,2,beauty,114973,4900,36,4,12,559000
0,2,beauty,681329,11000,174,3,12,532000
4,0,beauty,923722,22000,270,4,12,574000
4,3,beauty,353127,5600,95,6,12,888000
0,2,beauty,82395,5100,16,3,12,460000
5,0,beauty,384390,4600,140,6,12,720000
0,0,beauty,141898,2200,45,6,12,888000
0,2,beauty,1392986,45000,656,2,12,515000
2,3,beauty,116788,2900,51,5,12,791000
0,2,beauty,95416,3000,25,4,12,559000
0,3,beauty,372510,4200,112,6,12,374000
4,1,beauty,97082,1800,24,6,12,374000
0,2,beauty,438478,16000,224,4,12,559000
2,1,beauty,214084,4800,85,6,12,888000
1,0,beauty,927772,9000,314,4,13,273000
0,2,beauty,90202,4300,14,3,13,460000
2,3,beauty,410636,3800,123,6,13,374000
0,0,beauty,631877,8900,260,4,13,273000
1,0,beauty,339449,5500,96,4,13,273000
0,2,beauty,198810,10000,70,4,13,559000
4,2,beauty,133752,3300,34,3,13,532000
4,1,beauty,176908,2200,102,6,13,720000
1,0,beauty,208181,2400,70,6,13,720000
4,0,beauty,177249,1300,100,6,13,720000
3,3,beauty,180196,3300,41,5,13,763000
0,0,beauty,68481,1800,25,3,13,532000
0,3,beauty,263568,11000,114,6,13,374000
0,3,beauty,349023,5400,112,6,13,888000
0,0,beauty,1489364,6100,595,6,13,888000
0,2,beauty,465799,46000,162,4,13,780000
0,2,beauty,287220,22000,86,3,13,460000
3,2,beauty,343367,9400,100,3,13,671000
4,2,beauty,84909,1600,32,5,13,763000
0,2,beauty,2086652,30000,718,5,13,763000
4,2,beauty,134681,2300,38,5,14,763000
2,3,beauty,925116,19000,246,4,14,780000
1,0,beauty,228012,2700,78,6,14,888000
4,0,beauty,238625,3000,64,6,14,374000
0,2,beauty,3908806,59000,1200,4,14,561000
4,3,beauty,125855,3500,66,4,14,759000
0,2,beauty,177264,2100,67,6,14,720000
1,0,beauty,242897,4500,57,5,14,763000
4,0,beauty,789162,6600,638,6,14,374000
3,3,beauty,202949,3200,60,5,14,791000
4,1,beauty,579780,6100,393,6,14,888000
0,2,beauty,180688,3900,50,4,14,574000
0,2,beauty,190548,3200,65,4,14,273000
0,2,beauty,3335767,71000,1000,5,14,763000
1,0,beauty,595180,6100,130,6,14,374000
0,2,beauty,180351,3400,104,5,14,763000
2,3,beauty,1295596,35000,528,6,14,374000
1,2,beauty,366697,4900,78,6,14,374000
5,2,beauty,218241,5000,71,5,14,763000
3,1,beauty,206102,5300,74,6,14,888000
2,1,beauty,406720,5300,148,6,15,888000
1,0,beauty,325064,4200,102,6,15,374000
2,3,beauty,1265925,40000,382,6,15,888000
1,0,beauty,289964,3300,154,6,15,374000
1,0,beauty,253813,3000,71,5,15,763000
2,0,beauty,311655,8200,74,6,15,374000
1,3,beauty,473830,11000,106,6,15,888000
0,0,beauty,138580,1300,89,6,15,720000
0,0,beauty,227495,3500,84,6,15,888000
0,0,beauty,867705,8800,269,4,15,273000
2,1,beauty,280915,6300,77,3,15,532000
2,3,beauty,1759042,24000,1400,6,15,720000
4,1,beauty,2790153,61000,1000,6,15,374000
4,1,beauty,81345,2300,25,4,15,559000
3,2,beauty,247380,3800,87,5,15,791000
0,2,beauty,146546,3100,56,5,15,763000
1,1,beauty,110985,3700,41,4,15,559000
4,0,beauty,279124,4300,72,6,15,888000
4,0,beauty,50236,941,31,5,15,763000
1,0,beauty,307730,5300,87,6,15,888000
0,2,beauty,202304,800,66,4,15,559000
4,0,beauty,127969,2600,47,5,15,763000
0,2,beauty,3222,441,12,5,15,763000
2,1,beauty,74039,1400,25,5,15,763000
0,1,beauty,86145,1900,33,3,15,532000
4,0,beauty,1652287,9000,1600,6,16,374000
2,1,beauty,83467,1300,65,4,16,273000
0,0,beauty,136714,1800,49,4,16,561000
0,0,beauty,195339,3300,67,6,16,720000
0,0,beauty,80094,1600,27,5,16,763000
4,2,beauty,342516,4100,91,4,16,273000
1,1,beauty,208111,3000,99,6,16,888000
5,2,beauty,313681,9800,73,3,16,671000
0,2,beauty,115210,2500,56,5,16,763000
4,0,beauty,391047,4300,145,6,16,374000
0,2,beauty,235707,4700,106,6,16,888000
1,0,beauty,298500,4800,60,6,16,888000
0,2,beauty,4989286,50000,400,4,16,574000
1,0,beauty,200852,3500,48,6,16,888000
4,0,beauty,527086,12000,282,4,16,759000
3,3,beauty,493679,9500,170,5,16,791000
0,0,beauty,182157,3800,55,4,16,559000
1,2,beauty,261241,13000,79,4,16,559000
0,0,beauty,54046,1500,21,5,16,791000
2,1,beauty,150141,3300,53,4,16,574000
4,1,beauty,217414,2100,80,6,16,720000
2,1,beauty,244117,6700,73,4,16,574000
4,3,beauty,107492,1800,36,5,16,791000
4,0,beauty,68803,1200,48,5,16,763000
4,0,beauty,203472,1500,75,6,16,720000
1,2,beauty,606841,8700,148,6,16,888000
4,1,beauty,236747,3900,90,5,16,791000
0,0,beauty,53769,2400,15,2,16,515000
0,0,beauty,183758,2300,98,4,16,759000
0,1,beauty,144246,4600,30,3,16,532000
2,0,beauty,26427,1200,3,5,16,791000
1,0,beauty,498131,4900,115,6,17,374000
1,0,beauty,426836,5700,99,6,17,888000
4,2,beauty,76918,1700,32,4,17,759000
1,0,beauty,40733,953,20,4,17,759000
4,0,beauty,569286,6600,131,6,17,888000
0,2,beauty,112306,2200,45,5,17,763000
4,3,beauty,59332,1100,29,3,17,460000
0,0,beauty,36187,1200,15,4,17,559000
4,2,beauty,50794,1000,22,5,17,763000
4,0,beauty,305819,5000,69,6,17,888000
1,0,beauty,126372,2100,29,5,17,763000
0,0,beauty,551368,5700,166,4,17,273000
0,2,beauty,266944,8100,104,4,17,574000
4,0,beauty,702393,9800,203,6,17,888000
1,0,beauty,179324,1900,45,6,17,720000
1,0,beauty,386452,5500,96,6,17,720000
0,2,beauty,210831,4000,87,6,17,888000
0,2,beauty,102878,2200,51,4,17,574000
0,0,beauty,247060,3100,54,4,17,561000
2,0,beauty,300372,4600,80,5,18,763000
0,0,beauty,378010,6300,76,4,18,273000
4,1,beauty,178573,1600,106,6,18,720000
1,0,beauty,22340,499,7,5,18,791000
4,0,beauty,242301,3500,68,6,18,888000
0,2,beauty,149749,3500,75,5,18,763000
0,2,beauty,217929,3200,97,6,18,888000
1,0,beauty,240700,1400,36,6,18,720000
1,0,beauty,194554,4700,54,5,18,763000
0,2,beauty,90864,1500,44,5,18,763000
0,0,beauty,120758,4100,46,4,18,559000
0,2,beauty,158204,4000,50,4,18,574000
0,2,beauty,1068051,31000,432,4,18,780000
5,0,beauty,59121,1500,14,3,18,532000
0,2,beauty,806516,13000,207,4,18,574000
1,0,beauty,282912,3500,81,6,18,374000
4,2,beauty,270052,7300,101,6,18,888000
1,0,beauty,221714,2900,50,6,18,888000
0,2,beauty,523343,150000,172,4,18,780000
1,0,beauty,428211,4000,154,6,18,374000
2,1,beauty,188642,5300,46,3,18,532000
2,1,beauty,539580,7600,243,6,18,374000
2,3,beauty,2048693,22000,723,6,18,888000
4,3,beauty,477759,8800,128,5,18,791000
1,0,beauty,131996,2500,34,5,18,763000
1,0,beauty,177410,2600,75,6,18,888000
0,2,beauty,160615,2400,75,6,19,720000
4,1,beauty,127153,4300,63,4,19,559000
1,0,beauty,240294,3400,70,6,19,888000
4,2,beauty,183941,3300,55,5,19,791000
0,0,beauty,1297229,7300,467,6,19,888000
1,0,beauty,396345,5200,144,6,19,888000
0,2,beauty,174463,4500,82,5,19,763000
1,0,beauty,267607,3200,121,6,19,888000
3,1,beauty,376252,5300,111,5,19,791000
4,4,beauty,127455,2700,42,5,19,791000
0,2,beauty,215862,2600,65,6,19,374000
4,1,beauty,667759,7100,430,6,19,888000
2,0,beauty,103197,2600,60,4,19,574000
0,2,beauty,1300671,23000,521,5,19,763000
4,2,beauty,710115,9400,201,5,19,791000
1,2,beauty,450025,4800,115,6,19,888000
0,2,beauty,361862,7600,137,5,19,763000
2,2,beauty,597423,9300,187,4,19,780000
4,2,beauty,349523,4800,98,5,20,791000
0,3,beauty,410007,7400,102,5,20,791000
1,1,beauty,271543,6300,81,4,20,780000
0,2,beauty,165621,3500,60,4,20,574000
1,3,beauty,199702,2600,57,6,20,374000
4,22,beauty,267578,5000,86,5,20,791000
4,0,beauty,130796,3900,55,4,20,559000
4,0,beauty,184948,1500,45,6,20,720000
4,2,beauty,64311,2300,25,4,20,559000
0,2,beauty,306950,3500,68,6,20,374000
4,3,beauty,146127,3400,63,5,20,791000
0,0,beauty,121528,927,50,6,20,720000
1,0,beauty,491956,6200,152,6,20,888000
4,3,beauty,635568,9500,197,5,20,791000
0,0,beauty,475743,8000,131,6,21,888000
1,2,beauty,264832,3800,95,6,21,374000
1,0,beauty,394427,4400,101,6,21,374000
0,2,beauty,273901,5500,130,5,21,763000
5,3,beauty,1420494,9800,591,5,21,791000
0,2,beauty,127058,2300,39,4,21,561000
0,0,beauty,71390,2500,25,4,21,559000
4,0,beauty,29217,729,14,5,21,791000
1,0,beauty,364844,6100,113,6,21,888000
0,0,beauty,165841,3100,62,5,21,763000
0,2,beauty,737551,29000,240,4,21,780000
0,0,beauty,351365,7300,113,4,21,561000
1,2,beauty,343964,7700,112,4,21,559000
0,2,beauty,252074,5000,82,4,21,561000
0,3,beauty,735485,34000,220,6,21,374000
0,0,beauty,117403,1600,30,4,21,561000
4,0,beauty,132576,2400,63,4,22,574000
0,2,beauty,1793320,40000,714,5,22,763000
2,1,beauty,154593,1100,62,6,22,720000
4,1,beauty,159646,5600,56,4,22,559000
0,2,beauty,289400,4800,80,6,22,888000
2,0,beauty,117407,1500,66,6,22,720000
0,1,beauty,173892,4100,38,3,22,532000
1,0,beauty,342283,5300,100,5,22,763000
1,0,beauty,350175,4600,94,6,22,888000
0,0,beauty,139297,2200,54,4,22,273000
1,2,beauty,450683,4500,127,6,22,374000
4,3,beauty,275699,5600,84,5,22,791000
0,0,beauty,717116,6300,157,4,23,273000
1,0,beauty,451081,5600,237,4,23,559000
0,2,beauty,166758,3200,70,6,23,720000
3,1,beauty,398303,6100,141,5,23,791000
1,3,beauty,276183,3400,68,4,23,561000
2,0,beauty,789371,8800,275,4,23,273000
4,0,beauty,1633184,14000,944,6,23,374000
4,1,beauty,226681,2500,211,6,23,720000
1,2,beauty,47706,1400,18,4,23,559000
2,0,beauty,444591,6300,132,6,23,374000
1,2,beauty,111184,1800,29,4,23,561000
4,1,beauty,210992,3000,108,6,23,720000
4,3,beauty,1541316,26000,510,5,23,791000
4,2,beauty,104990,1900,40,4,23,561000
4,0,beauty,235672,4200,150,6,23,720000
3,2,beauty,2808408,68000,1000,3,24,671000
0,3,beauty,707477,16000,184,4,24,780000
1,2,beauty,781024,13000,211,6,24,888000
4,2,beauty,1630134,15000,507,5,24,791000
4,0,beauty,93037,2300,45,3,24,532000
1,0,beauty,54715,1700,23,4,24,559000
0,2,beauty,305435,7500,95,4,24,561000
1,0,beauty,200988,2500,66,4,24,561000
0,0,beauty,174257,2400,66,4,24,273000
4,3,beauty,1639501,17000,392,5,25,791000
1,0,beauty,320410,4800,93,4,25,561000
4,0,beauty,109388,2800,50,4,25,559000
4,4,beauty,246692,7300,85,5,25,791000
4,2,beauty,116948,2400,50,5,25,791000
0,2,beauty,152846,3100,62,4,25,561000
0,2,beauty,204535,4500,79,4,25,561000
1,2,beauty,338947,4800,113,6,25,720000
2,0,beauty,102795,2000,56,4,26,574000
0,2,beauty,7411524,14000,3500,5,26,763000
0,2,beauty,75957,2600,36,3,26,460000
4,3,beauty,1939264,18000,606,5,26,791000
0,2,beauty,81564,1500,38,3,26,532000
0,2,beauty,224351,2600,77,6,26,720000
0,2,beauty,64499,2300,27,3,26,460000
4,2,beauty,303284,5300,105,5,26,791000
1,0,beauty,582258,7300,245,6,26,374000
0,0,beauty,458060,3700,258,4,27,561000
1,0,beauty,620137,8900,188,6,27,374000
0,0,beauty,101260,2000,34,3,27,532000
5,0,beauty,218541,3800,104,6,27,720000
0,2,beauty,241437,3400,107,4,28,561000
1,2,beauty,114750,1200,37,6,28,720000
0,2,beauty,251800,5200,72,4,28,561000
5,0,beauty,299985,4800,130,6,28,720000
3,2,beauty,323126,4400,194,4,29,561000
3,2,beauty,1615966,37000,526,3,29,671000
1,0,beauty,279999,7800,117,4,29,559000
0,0,beauty,244156,3700,59,3,30,671000
0,2,beauty,312324,3500,86,4,30,561000
4,2,beauty,249542,4600,75,4,30,561000
0,2,beauty,1211065,16000,345,4,30,561000
0,2,beauty,116226,3800,36,3,30,460000
0,1,beauty,323399,9500,164,6,30,720000
1,2,beauty,334428,3500,85,6,30,720000
4,0,beauty,315944,3800,187,6,30,720000
1,0,beauty,453774,5400,142,6,30,720000
0,0,beauty,928824,25000,401,6,31,374000
1,0,beauty,184211,3200,56,4,31,780000
4,2,beauty,665636,8700,215,4,31,561000
0,2,beauty,902700,17000,283,4,31,780000
1,0,beauty,466528,8000,109,4,31,780000
0,2,beauty,287447,5400,135,4,31,561000
4,0,beauty,54106,1600,18,3,31,460000
0,3,beauty,209831,4100,46,4,32,780000
0,0,beauty,61584,1400,17,3,33,532000
4,0,beauty,150488,3300,54,4,33,574000
2,0,beauty,1305479,21000,335,4,34,780000
5,2,beauty,336544,10000,93,3,35,671000
0,2,beauty,226333,5600,98,4,35,561000
4,0,beauty,46318,1100,17,3,35,460000
1,3,beauty,377167,7100,131,4,38,780000
0,2,beauty,181757,2900,68,4,40,561000
0,0,beauty,349574,4700,192,6,41,720000
5,0,beauty,747279,9600,640,6,46,720000
4,0,beauty,499604,10000,363,6,48,720000
4,0,beauty,227672,3000,82,3,52,671000
2.5,1,life,482985,17000,145,4,1,790000
2.5,1,life,26250,1500,14,4,1,380000
3,1,life,38702,394,13,3,1,450000
2.5,1,life,20725,304,13,3,1,450000
1,1,life,42775,655,14,3,1,450000
2.5,1,life,1004022,26000,427,4,2,790000
2.5,1,life,996920,23000,438,4,2,790000
2.5,1,life,22876,1500,18,4,2,380000
2.5,1,life,61636,3000,84,4,2,380000
2.5,1,life,49070,923,14,3,2,450000
2.5,1,life,494670,3500,392,2,2,1670000
1,1,life,440500,15000,298,2,2,1670000
2,4,life,284615,7300,178,2,2,1670000
1.5,1,life,182917,4400,78,4,2,1330000
1.3,2,life,65713,2900,7,16,3,506000
2.3,2,life,434826,12000,106,16,3,506000
1.3,1,life,155065,5700,17,16,3,506000
1.3,2,life,96731,3700,36,16,3,506000
1.3,2,life,132905,4400,32,16,3,506000
1.3,2,life,1900209,42000,1700,16,3,506000
2.3,2,life,646388,29000,202,16,3,506000
1.3,2,life,75049,3900,13,16,3,506000
2.3,1,life,87549,4000,19,16,3,506000
2.3,1,life,126769,4700,27,16,3,506000
3.5,1,life,326015,8400,136,8,3,1340000
2.3,1,life,83985,3800,12,16,3,506000
2.3,1,life,97409,4500,18,16,3,506000
2.5,1,life,1206912,34000,433,4,3,790000
2.5,4,life,396975,10000,246,2,3,2150000
2,1,life,17416,1000,14,4,3,380000
2,1,life,22188,1200,16,4,3,380000
2.5,1,life,68004,2100,93,4,3,380000
2.5,1,life,48266,1100,14,3,3,450000
3.5,1,life,198274,4700,22,3,3,450000
3.5,1,life,79069,1600,12,3,3,450000
2.5,1,life,74258,908,20,3,3,450000
2.5,1,life,65860,1600,23,5,3,880000
2.5,1,life,308515,4800,145,2,3,1670000
1.5,1,life,889080,9500,205,4,3,1330000
2.5,1,life,5037184,36000,1000,4,3,1330000
2.3,3,life,89877,3600,13,16,4,506000
2.3,1,life,89938,4200,20,16,4,506000
1.3,2,life,152169,7600,20,16,4,506000
1.3,3,life,87816,3700,12,16,4,506000
1.8,2,life,202332,8400,55,16,4,506000
2.3,2,life,126643,5600,24,16,4,506000
1.3,2,life,100472,4300,14,16,4,506000
3.5,4,life,1204606,20000,290,8,4,1340000
2.3,2,life,56180,3100,12,16,4,506000
3.5,4,life,3351727,43000,763,8,4,1340000
1.3,2,life,69820,3600,9,16,4,506000
1.3,2,life,93877,4300,27,16,4,506000
3.5,4,life,1462035,26000,260,8,4,1340000
1.3,2,life,163434,8100,36,16,4,506000
1.8,2,life,150629,5600,33,16,4,506000
1.5,4,life,513504,13000,383,2,4,2150000
2.5,1,life,69272,3000,46,4,4,380000
2.5,1,life,48687,2000,74,4,4,380000
2.5,1,life,25517,931,120,4,4,380000
3.5,1,life,258751,3100,80,3,4,450000
3.5,1,life,190317,1800,32,3,4,450000
3.5,1,life,178759,2600,35,3,4,450000
3.5,1,life,569977,4400,81,3,4,450000
2.5,1,life,131477,1700,26,3,4,450000
2.5,1,life,217986,1100,53,3,4,450000
2.5,1,life,105040,1600,22,2,4,670000
3.5,4,life,410206,12000,138,2,4,1670000
2,4,life,548028,7700,197,2,4,1670000
2,1,life,344570,8100,268,2,4,1670000
2.5,1,life,276269,4700,190,4,4,470000
3.5,4,life,256074,6700,90,4,4,1330000
2.3,3,life,544723,15000,115,16,5,506000
1.3,2,life,102337,4300,23,16,5,506000
1.3,2,life,352381,10000,59,16,5,506000
2.3,2,life,126590,4600,25,16,5,506000
1.3,2,life,163904,5800,31,16,5,506000
3.5,4,life,2855288,37000,887,8,5,1340000
1.3,2,life,98447,4500,19,16,5,506000
2.3,2,life,149341,6400,37,16,5,506000
2.3,2,life,150175,5900,21,16,5,506000
2.5,1,life,658346,15000,250,4,5,790000
2.5,0,life,1796245,44000,442,4,5,790000
2.5,1,life,646330,15000,235,4,5,790000
2.5,1,life,723086,21000,356,4,5,790000
2.5,4,life,1424238,16000,619,2,5,2150000
1,4,life,648953,10000,375,2,5,2150000
2.5,3,life,118669,3600,90,10,5,320000
2.5,1,life,68595,3200,35,4,5,380000
2.5,1,life,24537,1100,20,4,5,380000
2.5,1,life,453568,12000,312,4,5,380000
3.5,1,life,124634,2000,34,3,5,450000
2.5,1,life,201921,1800,139,3,5,450000
2.5,1,life,1163231,18000,512,3,5,450000
2.5,1,life,24546,392,11,3,5,450000
2.5,1,life,89570,1100,18,3,5,450000
2.5,1,life,179797,1800,35,3,5,450000
2.5,1,life,240415,1600,72,3,5,450000
3.5,1,life,195170,2600,24,3,5,450000
2.5,1,life,106167,1400,11,3,5,450000
2.5,1,life,1494774,8900,208,3,5,450000
3.5,1,life,314304,4400,51,3,5,450000
2.5,1,life,211338,2200,64,5,5,880000
2.5,4,life,92422,1500,18,2,5,670000
2,4,life,173273,3900,101,2,5,1670000
2,4,life,198988,3500,98,2,5,1670000
2,1,life,232506,7000,99,2,5,1670000
2,4,life,609518,7600,250,2,5,1670000
2,1,life,249320,3100,126,2,5,1670000
2,4,life,357332,4500,184,2,5,1670000
2,4,life,820136,7000,405,2,5,1670000
2,4,life,506866,6400,280,2,5,1670000
2,1,life,1097943,17000,377,2,5,1670000
2,1,life,416967,5900,257,2,5,1670000
2,1,life,529427,5200,225,2,5,1670000
3.5,0,life,123055,3100,24,4,5,470000
1.5,1,life,92244,2500,27,4,5,470000
2.5,4,life,1665408,20000,621,4,5,1330000
2.5,4,life,631341,11000,281,4,5,1330000
2.5,4,life,655356,7200,179,4,5,1330000
3.5,4,life,2059547,32000,574,8,6,1340000
3.5,4,life,782256,19000,277,8,6,1340000
1.3,2,life,135876,5200,38,16,6,506000
3.5,4,life,4177486,75000,1800,8,6,1340000
2.5,1,life,124000,3700,39,8,6,1340000
2.5,1,life,1114700,26000,314,4,6,790000
2,1,life,2564107,48000,2000,4,6,790000
2.5,0,life,1138820,30000,433,4,6,790000
2,0,life,202352,3300,193,2,6,1670000
3.5,4,life,258606,5600,106,4,6,1330000
3.5,1,life,305695,3900,125,4,6,1330000
2.5,1,life,1387306,30000,448,4,6,790000
2.5,1,life,1506331,28000,495,4,6,790000
2.5,0,life,816296,19000,245,4,6,790000
2.5,1,life,442314,4500,225,3,6,450000
2.5,1,life,164096,5300,99,4,6,470000
2,1,life,429454,6700,200,2,6,1670000
1.5,1,life,93440,1900,51,4,6,470000
2,1,life,405214,4700,315,2,6,1670000
2,4,life,275474,5100,163,2,6,2150000
1.5,4,life,395868,8200,169,2,6,2150000
2,0,life,324445,4800,133,2,6,1670000
2.5,1,life,917280,31000,443,4,6,790000
2,1,life,187491,3100,113,2,6,1670000
2,1,life,925631,28000,385,4,6,790000
2.5,1,life,512833,12000,161,4,6,790000
2.5,1,life,1581049,37000,460,4,6,790000
2.5,1,life,111257,943,20,3,6,450000
2.5,0,life,740904,22000,340,4,6,790000
2.5,4,life,261089,3800,187,2,6,1670000
3.5,1,life,308897,6400,143,4,6,1330000
3,1,life,100400,2900,47,4,6,1330000
2,1,life,245934,3300,174,2,6,1670000
2.5,4,life,544131,5800,340,2,6,1670000
1.5,4,life,420929,6900,277,2,6,2150000
2.5,4,life,120514,1700,19,2,6,670000
2,4,life,971850,12000,844,2,6,1670000
2,4,life,627461,6000,454,2,6,1670000
3.5,1,life,99502,1000,14,3,6,450000
3,1,life,6820619,46000,2200,4,6,1330000
2.5,0,life,1720549,24000,471,4,6,790000
3.5,1,life,292803,4300,47,3,6,450000
2.5,0,life,867617,31000,430,4,6,790000
2.5,1,life,1015369,25000,361,4,6,790000
2,1,life,1718884,34000,791,4,6,790000
2.5,1,life,82825,847,77,3,6,450000
2.5,1,life,1138656,22000,463,4,6,790000
2,1,life,263465,4000,143,2,6,1670000
2.5,4,life,169949,3200,110,4,6,1330000
3,4,life,310727,5200,194,2,6,1670000
2.5,4,life,451731,6400,241,2,6,1670000
2,1,life,276710,5100,206,2,6,1670000
2.5,3,life,2119022,43000,1300,4,6,790000
2.5,1,life,84064,2000,54,4,6,470000
1.5,4,life,1227434,36000,532,2,6,2150000
2.5,1,life,136912,1300,29,3,6,450000
2,4,life,301305,4700,405,2,6,2150000
3.5,0,life,914720,13000,343,2,6,1670000
2.5,1,life,47337,782,16,3,6,450000
2,4,life,307548,3800,163,2,6,1670000
1.5,1,life,141592,2900,38,4,6,470000
3.5,4,life,1637264,18000,554,2,6,2150000
2,1,life,329278,4600,149,2,6,1670000
2.5,1,life,1234708,14000,779,8,7,541000
2.5,4,life,2354360,37000,921,8,7,1340000
2.5,1,life,792722,3700,94,32,7,806000
1.5,1,life,245147,11000,112,8,7,1340000
3.5,4,life,284170,5600,75,8,7,1340000
1.5,1,life,2497269,37000,742,8,7,1340000
2.5,3,life,1737216,12000,722,8,7,541000
3.5,4,life,735124,13000,135,8,7,1340000
3.5,4,life,1304108,16000,252,8,7,1340000
1.3,2,life,104162,3700,44,16,7,506000
2.5,4,life,1396051,28000,284,8,7,1340000
2.5,1,life,313250,6900,66,10,7,320000
2,1,life,303882,5100,121,2,7,1670000
2.5,1,life,1013383,49000,1000,4,7,790000
2,4,life,283852,4100,169,2,7,1670000
1,1,life,891271,25000,772,4,7,790000
3.5,4,life,232583,4500,116,2,7,2150000
2.5,0,life,866957,19000,368,4,7,790000
2.5,4,life,253800,5400,174,2,7,2150000
2.5,1,life,824710,13000,558,2,7,1670000
2,4,life,856742,11000,604,2,7,1670000
2.5,1,life,1997852,30000,803,4,7,790000
2.5,4,life,206650,3600,161,2,7,1670000
2,4,life,365504,4300,208,2,7,1670000
2.5,1,life,317016,3900,59,2,7,670000
2.5,1,life,135412,2600,61,4,7,470000
2.5,4,life,497851,7200,386,2,7,1670000
2,4,life,1018439,10000,1600,2,7,1670000
2.5,1,life,1145784,27000,387,4,7,790000
2,1,life,719552,14000,338,2,7,1670000
2.5,1,life,39611,1700,34,4,7,380000
2.5,1,life,902738,12000,658,2,7,1670000
2.5,1,life,144735,2300,139,5,7,880000
2.5,4,life,214749,3200,167,2,7,1670000
2.5,0,life,761152,17000,166,4,7,790000
25,1,life,236364,11000,85,4,7,380000
2,4,life,833455,9500,475,2,7,1670000
2.5,0,life,906566,19000,324,4,7,790000
2.5,4,life,349471,6400,153,2,7,2150000
2,1,life,397169,5000,152,2,7,1670000
2,4,life,724758,13000,346,2,7,1670000
2.5,1,life,117976,3300,65,4,7,380000
3.5,1,life,1169561,16000,542,4,7,1330000
2,1,life,234940,5100,135,2,7,1670000
2.5,1,life,777840,19000,306,4,7,790000
2.5,4,life,427612,6100,291,2,7,2150000
1.5,4,life,199739,5000,224,2,7,2150000
2.5,4,life,413388,5100,241,2,7,1670000
2,4,life,373242,4200,162,2,7,1670000
3.5,1,life,265795,1800,50,3,7,450000
2.5,0,life,1614849,28000,722,4,7,790000
2.5,4,life,290843,5600,218,2,7,2150000
2,1,life,482429,12000,136,4,7,790000
2,1,life,358718,5300,174,2,7,1670000
3.5,4,life,570819,7600,81,2,7,670000
2.5,1,life,464583,6400,126,2,7,670000
2.5,1,life,174514,3600,105,4,7,1330000
2.5,4,life,664930,12000,315,2,7,2150000
1.5,4,life,684854,12000,431,2,7,2150000
2.5,1,life,195413,2200,28,2,7,670000
2,4,life,187280,2600,128,2,7,1670000
2,1,life,158772,2700,143,2,7,1670000
2,4,life,257430,3600,169,2,7,1670000
2.5,1,life,165722,3900,81,4,7,470000
2,1,life,990325,36000,309,4,7,790000
1.5,4,life,636548,10000,216,2,7,2150000
3.5,4,life,997488,21000,581,2,7,2150000
2.5,4,life,181123,2600,25,2,7,670000
2.8,1,life,145402,3200,61,4,7,470000
2,1,life,225167,3300,124,2,7,1670000
2,1,life,430183,6500,218,2,7,1670000
2.5,1,life,2540005,49000,1900,4,7,790000
1.5,1,life,800078,33000,510,16,7,1010000
2.5,1,life,733412,8400,526,2,7,1670000
2.5,4,life,714452,12000,296,2,7,2150000
2,4,life,301062,5900,761,2,7,670000
2,4,life,271658,5000,232,2,7,1670000
2.5,1,life,162200,2200,40,3,7,450000
2.5,4,life,959260,11000,600,2,7,2150000
3.5,3,life,869562,17000,256,8,8,1340000
2.5,1,life,220579,4600,50,8,8,1340000
3.5,1,life,632077,4800,158,32,8,806000
3.5,1,life,416392,7300,141,8,8,1340000
1.3,2,life,85927,4400,23,16,8,506000
3.5,4,life,3734384,40000,838,8,8,1340000
2.5,1,life,81818,2700,52,4,8,380000
3,0,life,124546,2200,68,2,8,1670000
2.5,1,life,59410,1300,19,3,8,450000
2.5,1,life,122226,1700,19,2,8,670000
2,1,life,363485,8000,203,2,8,1670000
2.5,1,life,560320,3800,120,3,8,450000
2.5,4,life,494615,5600,354,2,8,1670000
2,1,life,628385,7700,333,2,8,1670000
2,1,life,234906,3800,175,2,8,1670000
2,1,life,65956,887,19,3,8,450000
2.5,1,life,118097,2500,50,4,8,470000
2.5,1,life,323484,8400,116,10,8,320000
2.5,4,life,935452,13000,550,2,8,1670000
2,1,life,372920,5900,179,2,8,1670000
3.5,4,life,331606,8600,234,2,8,2150000
3.5,1,life,218540,6200,62,10,8,320000
2.5,4,life,195356,4900,91,4,8,1330000
2.5,1,life,82459,1200,17,3,8,450000
2.5,0,life,668095,18000,156,4,8,790000
2,1,life,95219,1700,44,5,8,880000
2,4,life,182774,2700,62,2,8,670000
2.5,1,life,327185,4800,220,2,8,1670000
2.5,1,life,277159,12000,87,16,8,1010000
3.5,4,life,591698,10000,339,2,8,2150000
1.5,1,life,263889,14000,101,16,8,1010000
2.5,1,life,28471,1500,31,4,8,380000
3.5,1,life,106834,2300,61,4,8,470000
2,1,life,397693,4600,196,2,8,1670000
3.5,4,life,342515,4800,166,2,8,2150000
2,1,life,239318,3400,185,2,8,1670000
1.5,1,life,336188,11000,167,4,8,380000
2.5,1,life,1644141,13000,501,3,8,450000
1.5,1,life,77892,3000,40,4,8,380000
2.5,1,life,28450,397,11,3,8,450000
1.5,1,life,122762,2500,55,4,8,470000
2.5,1,life,98039,2100,36,4,8,470000
1.5,4,life,148787,4700,77,4,8,1330000
2.5,1,life,152937,4300,134,4,8,380000
2.5,1,life,25482,1000,16,4,8,380000
2.5,4,life,769436,9800,495,2,8,1670000
2,4,life,328942,5700,251,2,8,1670000
1.5,1,life,537861,14000,296,16,8,1010000
3.5,4,life,613856,12000,477,2,8,2150000
2,1,life,316264,6400,312,2,8,1670000
3.5,1,life,372550,4900,87,3,8,450000
2.5,4,life,1092690,12000,396,2,8,2150000
2.5,1,life,283713,7400,123,4,8,1330000
3,1,life,6093805,51000,1800,4,8,1330000
1.5,1,life,431339,18000,220,16,8,1010000
1.5,1,life,297236,14000,158,16,8,1010000
3.5,1,life,106848,3500,50,8,9,1340000
2.5,3,life,1384690,24000,443,8,9,1340000
1.3,2,life,211046,8100,99,16,9,506000
3.5,3,life,140452,3400,50,8,9,1340000
2.5,3,life,639455,4000,96,32,9,806000
2.5,4,life,556346,8100,377,2,9,2150000
2.5,1,life,123889,2100,126,4,9,470000
1.5,1,life,56236,2100,16,4,9,380000
2.5,1,life,210152,4100,97,4,9,1330000
2.5,4,life,425641,7500,195,2,9,2150000
3.5,1,life,135552,2300,30,3,9,450000
2,1,life,658387,8500,330,2,9,1670000
3.5,4,life,2226515,38000,1000,4,9,1330000
2.5,1,life,77190,1500,31,4,9,470000
3.5,4,life,98214,2600,46,4,9,1330000
2.5,1,life,108567,2600,37,4,9,470000
3.5,1,life,137220,3000,51,4,9,1330000
3.5,1,life,75553,1000,9,3,9,450000
1.5,1,life,123176,3900,73,4,9,380000
2,1,life,449553,5000,220,2,9,1670000
2,1,life,234648,3800,135,2,9,1670000
3,1,life,237065,3700,110,4,9,1330000
3.5,4,life,606126,7800,356,2,9,2150000
3.5,1,life,68567,774,18,3,9,450000
2,1,life,245367,5200,175,2,9,1670000
2.5,4,life,525298,8000,269,2,9,2150000
2.5,4,life,1631695,17000,690,2,9,2150000
3.5,1,life,256256,3400,64,3,9,450000
2.5,1,life,137352,2500,105,4,9,470000
3.5,1,life,170602,4000,57,10,9,320000
3.8,1,life,151870,4000,65,4,9,470000
3.5,4,life,4250974,76000,2100,4,9,1330000
2.5,1,life,122461,2800,45,4,9,470000
3.5,0,life,300825,3800,135,2,9,1670000
2.5,1,life,344082,6300,127,4,9,470000
2.5,4,life,313484,5900,192,2,9,2150000
2.5,4,life,2129334,22000,704,2,9,2150000
2.5,1,life,103959,3500,205,4,9,470000
2.5,1,life,602463,6800,190,32,10,806000
3.5,3,life,85992,2000,26,8,10,1340000
3.5,1,life,256726,3100,37,2,10,670000
2.5,4,life,695641,11000,341,4,10,1330000
2.5,1,life,106637,2000,141,4,10,380000
2.5,1,life,91538,959,17,3,10,450000
2.5,1,life,140999,2100,53,4,10,470000
3.5,1,life,43609,1000,7,3,10,450000
2.5,1,life,63089,1200,39,4,10,470000
2.5,1,life,213870,6000,76,10,10,320000
3.5,1,life,647578,7800,135,3,10,450000
3.5,1,life,223439,5900,53,10,10,320000
2.5,4,life,403171,7000,169,4,10,1330000
2.5,1,life,269026,4300,83,4,10,470000
2.8,1,life,151878,2700,69,4,10,470000
3.5,1,life,235784,3000,71,3,10,450000
2.5,1,life,212306,5100,137,4,10,470000
2.5,1,life,143324,2400,67,4,10,470000
3.5,1,life,120791,1600,25,3,10,450000
2.5,1,life,208417,4300,101,4,10,1330000
2,1,life,546346,7100,705,2,10,1670000
2.5,1,life,75009,3700,53,4,10,380000
3.5,1,life,175865,2200,46,3,10,450000
3.5,4,life,144001,3400,105,4,10,1330000
3.5,1,life,176395,4400,39,10,10,320000
2.5,1,life,220958,2600,43,3,10,450000
3.5,3,life,406951,7000,66,8,11,1340000
2.5,1,life,1313832,6500,195,32,11,806000
3.5,4,life,1817858,31000,1000,8,11,1340000
3.5,1,life,467015,5100,109,32,11,806000
2.5,1,life,642199,4400,194,32,11,806000
3.5,3,life,648393,18000,375,32,11,806000
1.5,1,life,739157,4200,85,32,11,806000
3.5,1,life,491987,9700,169,32,11,806000
2,1,life,749179,5200,172,32,11,806000
2.5,1,life,247961,4400,89,8,11,541000
1.5,1,life,1501747,3200,108,32,11,806000
2.5,1,life,678309,8700,218,32,11,806000
3.5,1,life,731432,5000,214,32,11,806000
3.5,1,life,624044,6200,158,32,11,806000
3.5,1,life,634592,5600,207,32,11,806000
3.5,1,life,467996,7300,111,32,11,806000
3.5,1,life,895700,5900,319,32,11,806000
2.5,1,life,843187,23000,599,32,11,806000
15,3,life,618187,3400,76,32,11,806000
2.5,3,life,529562,6300,194,32,11,806000
3.5,1,life,731688,8100,215,32,11,806000
1.3,2,life,387976,8800,131,16,11,506000
2.5,3,life,156545,3000,122,8,11,541000
3.5,1,life,713852,14000,342,8,11,1340000
3.5,1,life,905771,7000,95,32,11,806000
3.5,1,life,476903,15000,219,32,11,806000
3.5,1,life,550169,6500,158,32,11,806000
1.5,3,life,535211,5500,169,32,11,806000
2.5,1,life,917959,7800,204,32,11,806000
2.5,1,life,556031,13000,436,32,11,806000
3.5,1,life,200166,5600,51,8,11,1340000
2.5,1,life,2229954,5700,131,32,11,806000
3.5,1,life,670946,13000,326,8,11,1340000
3.5,1,life,737706,3500,104,32,11,806000
3.5,1,life,592156,7300,168,32,11,806000
3.5,1,life,547327,8800,160,32,11,806000
3.5,1,life,669857,6700,152,32,11,806000
3.5,1,life,469062,8400,179,32,11,806000
3.5,1,life,491332,9000,129,32,11,806000
3.5,1,life,1910345,26000,957,8,11,1340000
3.5,1,life,580349,13000,531,32,11,806000
2.5,1,life,692506,12000,185,8,11,1340000
3.5,3,life,754889,6900,158,32,11,806000
3.5,1,life,1574785,26000,805,8,11,1340000
2.5,1,life,979065,5800,150,32,11,806000
2.5,1,life,522675,7500,155,32,11,806000
3.5,1,life,495940,8200,134,32,11,806000
2.5,1,life,1588701,36000,578,32,11,806000
3.5,1,life,1513628,5900,249,32,11,806000
2.5,1,life,446342,8000,231,32,11,806000
3.5,1,life,499070,7900,124,8,11,1340000
3.5,1,life,1001496,17000,302,8,11,1340000
3.5,1,life,681671,8400,196,32,11,806000
2.5,3,life,454275,11000,439,32,11,806000
3.5,1,life,823342,43000,341,8,11,1340000
1.5,3,life,826966,9400,200,32,11,806000
2.5,1,life,583191,11000,207,32,11,806000
3.5,1,life,1299664,22000,531,8,11,1340000
3.5,1,life,535083,11000,184,8,11,1340000
3.5,1,life,581859,11000,307,8,11,1340000
3.5,3,life,809844,5900,291,32,11,806000
1.5,3,life,712026,8500,236,32,11,806000
3.5,1,life,1711395,25000,585,8,11,1340000
2.5,3,life,1290171,9400,236,32,11,806000
2.5,3,life,1132588,10000,230,32,11,806000
3.5,3,life,526705,5100,145,32,11,806000
3.5,1,life,442553,9400,240,32,11,806000
3.5,1,life,503925,7100,142,32,11,806000
3.5,1,life,911210,5500,126,32,11,806000
2.5,0,life,441238,15000,300,32,11,806000
2.5,3,life,111474,3400,27,8,11,1340000
3.5,1,life,1192029,8600,126,32,11,806000
2.5,1,life,901651,6100,221,32,11,806000
2.5,3,life,794838,8700,306,32,11,806000
1.5,1,life,517414,6700,214,32,11,806000
3.5,1,life,788909,15000,260,8,11,1340000
2.5,3,life,532962,5400,211,32,11,806000
3.5,1,life,441849,11000,134,8,11,1340000
2.5,3,life,924648,6800,199,32,11,806000
2.5,1,life,548118,7200,195,32,11,806000
3.5,1,life,661743,3600,142,32,11,806000
3.5,1,life,437801,8300,119,8,11,1340000
2.5,1,life,856404,6900,149,32,11,806000
2.5,1,life,677578,5200,104,32,11,806000
3.5,1,life,442779,8000,223,32,11,806000
3.5,1,life,771959,18000,455,8,11,1340000
3.5,3,life,944133,12000,408,8,11,1340000
3.5,1,life,2582938,8300,130,32,11,806000
2.5,3,life,1581659,8200,247,32,11,806000
1.5,1,life,1199980,5500,146,32,11,806000
3.5,1,life,946802,5600,171,32,11,806000
3.5,1,life,554849,17000,223,32,11,806000
3.5,3,life,573581,5800,204,32,11,806000
3.5,1,life,60209,884,33,3,11,450000
2.5,4,life,96248,1300,26,2,11,670000
3.5,1,life,185901,2100,44,2,11,670000
3.5,1,life,288418,3200,54,2,11,670000
2.5,4,life,149443,2100,245,2,11,670000
2.5,4,life,153293,2300,116,2,11,670000
2.5,4,life,453392,6200,90,2,11,670000
1,4,life,535173,6300,238,2,11,670000
2.5,4,life,385575,5800,84,2,11,670000
2,4,life,2505771,19000,1100,2,11,1670000
3.5,4,life,320081,5700,154,2,11,2150000
2,1,life,121048,3300,38,5,11,880000
2.5,4,life,158465,2200,74,2,11,670000
2.5,1,life,137927,1700,27,2,11,670000
2.5,4,life,253606,2400,58,2,11,670000
2.5,4,life,218818,3200,681,2,11,670000
2.5,1,life,329202,3900,140,2,11,670000
2.5,1,life,355118,4500,163,2,11,1670000
1.5,1,life,127093,3600,54,4,11,470000
2.5,1,life,1272030,28000,414,4,11,790000
2.5,4,life,476540,7400,236,2,11,2150000
1.5,4,life,625866,8200,427,2,11,2150000
2.5,1,life,233247,2900,53,2,11,670000
2.5,1,life,210444,3000,59,2,11,670000
2.5,4,life,194907,2600,46,2,11,670000
2.5,1,life,683615,8200,342,2,11,1670000
2.5,4,life,1246802,40000,391,2,11,2150000
3.5,4,life,206529,4800,141,2,11,2150000
2.5,0,life,336266,5500,148,2,11,1670000
3,4,life,1304015,19000,1600,2,11,2150000
3.5,1,life,100812,3400,51,4,11,380000
2.5,1,life,341954,4700,76,2,11,670000
2.5,0,life,252046,4500,178,2,11,1670000
3.5,4,life,986040,20000,576,2,11,2150000
1.5,4,life,1435044,17000,827,2,11,2150000
2.5,4,life,920159,13000,563,2,11,2150000
3.5,4,life,448892,8200,287,2,11,2150000
2.5,4,life,1005919,13000,698,2,11,2150000
3.5,1,life,192254,5800,179,4,11,380000
3.5,1,life,292410,3000,60,2,11,670000
2.5,4,life,232092,3300,61,2,11,670000
2.5,4,life,199112,3400,27,2,11,670000
2.5,1,life,283560,3800,60,2,11,670000
2.5,4,life,776432,14000,558,2,11,1670000
3.5,4,life,997187,18000,694,2,11,2150000
1.5,4,life,583690,7500,306,2,11,2150000
3.5,0,life,198152,5300,49,10,11,320000
3.5,1,life,113302,1000,32,3,11,450000
3.5,1,life,320066,3100,56,3,11,450000
3.5,4,life,1033786,11000,492,2,11,2150000
2.5,4,life,603688,7100,459,2,11,2150000
2.5,3,life,254089,5800,83,5,11,880000
3,4,life,315122,3100,46,2,11,670000
2,1,life,48233,1300,61,4,11,380000
2.5,1,life,174251,2900,62,2,11,670000
1,4,life,454443,6800,105,2,11,670000
2.5,1,life,226954,2900,42,2,11,670000
2,4,life,557361,8400,320,2,11,1670000
3.5,4,life,815515,10000,394,2,11,2150000
3.5,1,life,235106,3000,53,2,11,670000
2.5,1,life,353242,13000,146,16,11,1010000
2.5,4,life,218017,2200,40,2,11,670000
1.5,4,life,502333,6900,458,2,11,2150000
2.5,1,life,511400,4500,103,3,11,450000
2.5,4,life,254042,3100,102,2,11,670000
2.5,4,life,855185,16000,483,2,11,1670000
2,1,life,268023,3600,146,2,11,1670000
3.5,4,life,1192470,11000,1000,2,11,2150000
1.5,1,life,267032,9400,142,16,11,1010000
3.5,1,life,36316,722,10,3,11,450000
2.5,4,life,263472,3600,52,2,11,670000
2.5,4,life,479270,8700,250,2,11,2150000
2,1,life,42928,2000,29,4,11,380000
2.5,1,life,370285,4700,103,5,11,880000
3.5,4,life,747451,11000,572,2,11,2150000
2.5,1,life,7472510,200000,4200,4,11,380000
2.5,1,life,57208,1000,9,3,11,450000
3.5,1,life,69557,1800,15,3,11,450000
1.5,1,life,133686,2700,26,2,11,670000
3.5,4,life,352936,3900,85,2,11,670000
2.5,1,life,490624,6800,225,4,11,470000
3.5,4,life,666224,7900,432,2,11,2150000
2,1,life,312231,4700,236,2,11,1670000
3.5,4,life,325440,6200,110,2,11,2150000
2.5,1,life,674186,7100,260,5,11,880000
2.5,1,life,277033,3200,62,2,11,670000
2.5,1,life,201915,1700,44,2,11,670000
2.5,1,life,193918,2700,38,2,11,670000
3.5,4,life,1517849,21000,1200,2,11,2150000
2.5,0,life,165786,5700,31,10,11,320000
2.5,1,life,62936,2700,74,4,11,380000
1,4,life,721694,7800,415,2,11,2150000
3.5,4,life,420053,7000,276,2,11,2150000
2.5,1,life,253853,3000,44,2,11,670000
2.5,1,life,83106,1200,21,2,11,670000
2.5,0,life,33376,663,11,3,11,450000
2.5,1,life,197088,6300,66,10,11,320000
2.5,4,life,486356,5500,317,2,11,2150000
2.5,4,life,1314060,13000,981,2,11,2150000
2.5,4,life,157819,2400,85,2,11,670000
3.5,4,life,456164,5800,278,2,11,2150000
2.5,1,life,412964,4200,101,3,11,450000
2.5,1,life,41438,696,17,3,11,450000
2.5,1,life,730736,8800,199,2,11,670000
2.5,1,life,112508,2100,111,4,11,470000
3.5,4,life,242697,4800,162,2,11,2150000
2.5,1,life,366360,5300,66,2,11,670000
3.5,4,life,801736,10000,588,2,11,2150000
3.5,4,life,582378,8600,434,2,11,2150000
2.5,1,life,55520,586,12,3,11,450000
2.5,1,life,483652,6900,164,5,11,880000
2.5,4,life,390479,4900,80,2,11,670000
3.5,4,life,1138748,14000,828,2,11,2150000
2.5,1,life,238084,3200,103,2,11,670000
3.5,4,life,689015,8000,393,2,11,2150000
1.5,1,life,98648,3700,38,4,11,380000
2,1,life,669435,7500,690,2,11,1670000
3.5,1,life,13523,595,8,3,11,450000
2,4,life,548433,8600,355,2,11,1670000
2.5,4,life,509023,6300,461,2,11,1670000
3.5,4,life,758976,8500,483,2,11,2150000
3.5,4,life,680624,7300,420,2,11,2150000
3.5,1,life,106833,1800,67,5,11,880000
2.5,4,life,135783,2100,42,2,11,670000
2.5,4,life,201097,3100,57,2,11,670000
2.5,1,life,220050,3300,57,2,11,670000
1.5,1,life,113676,2500,38,4,11,470000
2.5,1,life,254481,2800,56,3,11,450000
2.5,1,life,778006,12000,411,32,12,806000
3.5,1,life,444775,4500,139,32,12,806000
2.5,1,life,451894,8200,176,32,12,806000
2.5,1,life,981509,7300,196,32,12,806000
3.5,1,life,488197,10000,184,32,12,806000
1.4,1,life,2330452,27000,312,32,12,806000
2.5,3,life,1322481,9100,394,8,12,541000
3.5,1,life,708915,6900,234,32,12,806000
2,1,life,575433,12000,191,32,12,806000
3.5,3,life,990977,5300,144,32,12,806000
3.5,1,life,515162,7600,226,32,12,806000
2.5,1,life,520120,9400,238,32,12,806000
3.5,1,life,280847,5400,73,8,12,1340000
3.5,1,life,590275,12000,223,8,12,1340000
3.5,1,life,729752,6200,157,32,12,806000
2.5,1,life,573828,7900,156,32,12,806000
2.5,1,life,732552,6400,201,32,12,806000
2.5,4,life,420333,5400,74,2,12,670000
2.5,1,life,439227,4800,101,3,12,450000
3.5,4,life,1416068,16000,968,2,12,2150000
2.5,1,life,570413,7200,128,2,12,670000
2.5,1,life,281169,5400,133,4,12,470000
2.5,4,life,962096,12000,643,2,12,2150000
2.5,1,life,40182,1600,15,4,12,380000
2.5,1,life,312254,3400,51,2,12,670000
3.5,4,life,280808,5400,190,2,12,2150000
3.5,4,life,726502,10000,590,2,12,2150000
3.5,1,life,352972,5600,95,5,12,880000
2.5,4,life,631579,9400,378,2,12,2150000
3.5,1,life,731550,8700,219,5,12,880000
3.5,4,life,601001,9800,306,2,12,2150000
2.5,1,life,127412,1900,46,3,12,450000
2.5,4,life,166816,2100,24,2,12,670000
2.5,1,life,196190,4400,59,10,12,320000
2.5,0,life,141877,2200,45,5,12,880000
2.5,1,life,186528,3300,79,5,12,880000
2.5,1,life,141167,2500,73,4,12,470000
1.5,1,life,232224,4200,89,4,12,470000
2.5,1,life,58446,2100,73,4,12,380000
2.5,4,life,360360,4300,453,2,12,670000
1.8,1,life,321673,7000,105,4,12,470000
1.5,1,life,808597,42000,270,16,12,1010000
2.5,4,life,329692,5400,47,2,12,670000
3.5,4,life,1294361,14000,747,2,12,2150000
3.5,4,life,839160,8800,521,2,12,2150000
2,1,life,68250,2800,41,4,12,380000
2.5,1,life,384591,8100,152,4,12,470000
2.5,1,life,91031,2000,115,4,12,380000
2.5,1,life,202531,2800,90,5,12,880000
2.5,1,life,284596,6700,76,4,12,380000
2.5,1,life,138060,3700,85,4,12,380000
2.5,1,life,376044,4800,66,2,12,670000
3.5,1,life,78751,1800,65,4,12,380000
3.5,1,life,436501,11000,274,5,12,880000
3.5,1,life,249398,3200,37,2,12,670000
2,1,life,214066,4800,85,5,12,880000
2.5,1,life,151075,4200,65,10,12,320000
2,1,life,45040,1800,39,4,12,380000
2.5,4,life,287920,3800,73,2,12,670000
3.5,4,life,628930,9400,286,2,12,2150000
1.3,2,life,199680,8800,98,16,13,506000
2.5,1,life,507660,7700,186,32,13,806000
2.5,1,life,476690,8400,171,32,13,806000
3.5,1,life,745991,4800,113,32,13,806000
3.5,1,life,511905,6800,125,32,13,806000
1.5,1,life,164407,3400,56,8,13,541000
2.8,1,life,750293,5100,140,32,13,806000
2.5,1,life,545152,21000,385,32,13,806000
2.5,1,life,448327,7600,189,32,13,806000
2.5,4,life,442331,8100,228,32,13,806000
1.5,0,life,348815,5300,104,8,13,541000
3.5,1,life,557050,10000,227,8,13,1340000
1.5,1,life,588765,10000,198,32,13,806000
2.5,1,life,482725,13000,140,32,13,806000
1.8,1,life,521029,4300,116,32,13,806000
2.5,1,life,504438,7900,146,32,13,806000
1.5,1,life,137285,2900,49,8,13,541000
2.5,3,life,1032199,5600,117,32,13,806000
3.5,1,life,478210,15000,187,32,13,806000
3.5,4,life,1826671,17000,931,2,13,2150000
2.5,1,life,46999,1500,31,4,13,380000
3.5,1,life,1007311,14000,314,2,13,670000
2.5,1,life,159760,2300,138,4,13,470000
3,4,life,4651130,43000,1500,4,13,1330000
2.5,4,life,975232,14000,630,2,13,2150000
2,0,life,699754,9300,376,2,13,1670000
1.5,1,life,20964,775,22,4,13,380000
2.5,1,life,197128,3600,138,4,13,470000
2.5,1,life,83521,2600,54,4,13,380000
2.5,1,life,101217,3300,72,4,13,380000
2.8,1,life,589512,22000,440,4,13,470000
2.5,4,life,345519,4500,134,2,13,670000
3.5,1,life,167707,3000,72,4,13,470000
1.5,1,life,25655,1100,31,4,13,380000
2.5,1,life,61047,2000,57,4,13,380000
2.5,1,life,74508,1100,9,3,13,450000
3.5,1,life,537952,3900,117,3,13,450000
2.5,1,life,174097,3200,100,4,13,470000
3.5,4,life,634831,7600,364,2,13,2150000
3.5,4,life,887656,9700,432,2,13,2150000
2.5,1,life,148036,4700,113,4,13,380000
1.5,1,life,91570,4300,48,4,13,380000
3.5,1,life,230596,3100,44,3,13,450000
3.5,0,life,294971,4200,156,2,13,1670000
2.5,1,life,348964,5400,112,5,13,880000
3.5,1,life,233684,1800,44,3,13,450000
2.5,1,life,152249,3000,56,4,13,470000
2,1,life,552932,25000,202,16,13,1010000
3.5,1,life,590233,10000,222,4,13,1330000
2,1,life,454199,5100,398,2,13,1670000
3.5,4,life,892788,12000,432,2,13,2150000
2.8,1,life,245036,4500,80,4,13,470000
2.5,0,life,941590,19000,286,10,13,320000
2.5,1,life,262870,7500,104,4,13,380000
3.5,3,life,375073,5600,185,5,13,880000
3.5,4,life,790402,11000,497,2,13,2150000
1.5,1,life,144993,1400,33,2,13,670000
2.5,1,life,118310,1700,108,5,14,880000
2.5,1,life,216343,2700,106,5,14,880000
3.5,1,life,63495,2100,35,4,14,380000
2.5,0,life,321857,10000,139,4,14,380000
3,1,life,227998,2700,78,5,14,880000
2.5,1,life,164376,3800,85,4,14,380000
2.5,4,life,493102,4900,138,2,14,670000
3.5,4,life,1156747,12000,805,2,14,2150000
2.5,1,life,173192,5700,65,4,14,470000
1.5,1,life,181589,3700,68,16,14,1010000
2,1,life,152512,5500,67,4,14,380000
2.5,4,life,322881,4000,214,2,14,1670000
2.5,1,life,768856,9300,477,2,14,1670000
3.5,1,life,205348,6100,87,4,14,380000
3.5,1,life,113972,3100,41,10,14,320000
2.5,4,life,287613,5100,70,2,14,670000
1.5,1,life,449710,12000,230,4,14,380000
2.5,4,life,393986,4600,104,2,14,670000
2.5,1,life,1698233,100000,757,16,14,1010000
2.5,1,life,127373,4400,60,10,14,320000
1.5,1,life,568403,25000,248,16,14,1010000
1.5,1,life,462835,13000,146,16,14,1010000
2.5,1,life,289350,2900,76,3,14,450000
2.5,1,life,276553,13000,101,16,14,1010000
3.5,4,life,798512,8300,480,2,14,2150000
1.5,1,life,546913,22000,215,16,14,1010000
2.5,1,life,62365,2200,32,4,14,380000
2.5,1,life,61306,2000,36,4,14,380000
1.5,1,life,638982,27000,216,16,14,1010000
2.5,1,life,579472,6100,393,5,14,880000
2.5,4,life,366209,6400,59,2,14,670000
1,4,life,345918,5300,289,2,14,670000
1,1,life,33190,455,1,2,14,670000
2.5,4,life,229765,4100,46,2,14,670000
2.5,1,life,186532,5400,76,10,14,320000
2,4,life,269097,3600,37,2,14,670000
2.5,1,life,72414,3100,50,4,14,380000
3.5,1,life,57659,2500,42,4,14,380000
3.5,1,life,61403,2300,42,4,14,380000
3.5,1,life,63800,1100,15,3,14,450000
2.5,1,life,206024,5300,74,5,14,880000
2.5,1,life,97272,1000,17,2,14,670000
2.5,1,life,31119,1200,18,4,14,380000
3.5,0,life,465308,9800,282,32,14,806000
3.5,1,life,476561,8700,145,8,14,1340000
2.5,1,life,1886542,16000,1000,8,14,541000
2.5,1,life,198644,3100,73,8,14,541000
2,1,life,406580,5300,148,5,15,880000
2.5,1,life,1556282,50000,1000,16,15,1010000
2.5,4,life,545516,6400,111,2,15,670000
3.5,0,life,200038,3700,77,4,15,470000
1.5,1,life,146945,3100,69,16,15,1010000
1.5,1,life,1337522,48000,618,16,15,1010000
1.5,1,life,916330,37000,345,16,15,1010000
2.5,1,life,162585,4800,30,10,15,320000
3.5,4,life,385323,5700,268,2,15,2150000
2.5,1,life,45794,2000,51,4,15,380000
1.5,0,life,1226117,42000,691,16,15,1010000
2.5,1,life,473594,11000,106,5,15,880000
2.5,4,life,456937,5500,102,2,15,670000
2.5,1,life,636068,22000,300,16,15,1010000
2.5,1,life,227490,3500,84,5,15,880000
2.5,0,life,414277,10000,83,10,15,320000
3.5,1,life,54096,830,13,2,15,670000
1.5,1,life,751887,20000,284,16,15,1010000
2.5,3,life,338845,0,0,10,15,320000
3.5,1,life,571030,7400,226,5,15,880000
2.5,1,life,193539,5800,94,4,15,380000
2.5,1,life,304434,4400,102,2,15,670000
3.5,4,life,644574,7200,394,2,15,2150000
2.5,1,life,265061,5200,98,5,15,880000
3.5,1,life,50202,1200,51,4,15,380000
3.5,4,life,89706,2500,57,4,15,1330000
1.5,1,life,817151,18000,349,16,15,1010000
2.5,1,life,279066,4300,72,5,15,880000
1.5,1,life,514827,12000,161,16,15,1010000
2,4,life,143538,2400,76,2,15,1670000
3.5,1,life,307584,5300,87,5,15,880000
2.5,1,life,29811,1200,33,4,15,380000
1.5,1,life,3432488,160000,1400,16,15,1010000
2.5,1,life,32082,421,3,2,15,670000
2.5,1,life,69166,2100,36,4,15,380000
2.5,0,life,268483,4700,70,8,15,541000
1.3,1,life,160705,7200,78,16,15,506000
2.5,3,life,1105420,11000,578,8,15,541000
2.5,1,life,291817,7700,118,10,16,320000
1.5,1,life,79157,1600,59,4,16,470000
3.5,0,life,343608,10000,80,10,16,320000
1.5,1,life,142041,3000,63,16,16,1010000
2.5,1,life,70618,2700,42,4,16,380000
2.5,1,life,234423,3400,96,5,16,880000
3.5,1,life,208088,3000,99,5,16,880000
3.5,1,life,215876,2400,39,3,16,450000
3.5,1,life,382318,5500,106,5,16,880000
1.5,1,life,3144453,160000,1100,16,16,1010000
2,1,life,235498,4700,106,5,16,880000
3.5,1,life,298431,4800,60,5,16,880000
2.5,1,life,219544,3300,125,5,16,880000
2.5,1,life,199269,4700,183,4,16,380000
3.5,1,life,253296,5400,70,5,16,880000
1.5,1,life,261269,5700,112,16,16,1010000
1.5,1,life,22786,1000,16,4,16,380000
2.5,4,life,383519,5500,256,2,16,1670000
2.5,0,life,499836,10000,132,10,16,320000
2.5,4,life,394734,4500,107,2,16,670000
3.5,1,life,606603,8700,148,5,16,880000
2,1,life,99451,2900,38,4,16,380000
2.5,1,life,384576,5600,113,5,16,880000
1.5,1,life,586040,25000,184,16,16,1010000
2.5,1,life,245887,5000,61,10,16,320000
2.5,1,life,41315,1000,35,4,16,380000
2.5,1,life,595689,12000,246,10,16,320000
2.5,1,life,162886,2500,65,5,16,880000
1.5,1,life,424046,12000,210,16,17,1010000
1.5,1,life,427085,10000,223,16,17,1010000
3.5,1,life,426682,5700,99,5,17,880000
3.5,1,life,289779,7000,71,10,17,320000
1.5,0,life,569130,6600,131,5,17,880000
1.5,1,life,182732,3100,87,4,17,470000
3.5,1,life,49569,1900,27,4,17,380000
2.5,1,life,132119,4200,27,10,17,320000
1.5,1,life,687127,24000,226,16,17,1010000
3.5,1,life,304889,4900,68,5,17,880000
3.5,0,life,273916,3600,193,5,17,880000
3.5,1,life,700252,9800,203,5,17,880000
2,1,life,210771,4000,87,5,17,880000
2.8,1,life,172187,3400,69,4,17,470000
2.5,1,life,166552,2600,53,4,17,470000
2.5,1,life,152457,2700,49,4,17,470000
1.5,1,life,922348,17000,573,16,17,1010000
3.5,1,life,501723,9100,148,32,17,806000
3.5,1,life,221303,6400,52,8,17,1340000
2,1,life,238991,3500,68,5,18,880000
2.5,1,life,217900,3200,97,5,18,880000
3.5,1,life,55282,1000,33,4,18,470000
2.5,0,life,273408,7200,55,10,18,320000
2.5,1,life,198889,6500,106,10,18,320000
2.5,1,life,1728001,31000,410,10,18,320000
2.5,1,life,176993,4700,50,10,18,320000
3.5,4,life,529756,5900,368,2,18,2150000
2.5,1,life,214654,4800,79,4,18,470000
2.5,1,life,106133,1500,136,5,18,880000
2.5,1,life,216373,3700,111,5,18,880000
1.5,1,life,1063349,20000,452,16,18,1010000
2.5,3,life,269990,7300,101,5,18,880000
3.5,1,life,221665,2900,50,5,18,880000
3.5,1,life,22987,539,21,4,18,380000
2.5,1,life,149928,3000,59,5,18,880000
2.5,1,life,148540,3900,125,4,18,470000
2.5,0,life,162267,2200,78,5,18,880000
2.5,1,life,285354,4200,150,4,18,470000
2.5,1,life,154171,3600,54,4,18,470000
3,1,life,177392,2600,75,5,18,880000
2.5,3,life,335902,4500,105,8,18,541000
2.5,1,life,189970,4400,46,8,18,541000
2.5,3,life,159164,3200,54,8,18,541000
1.5,1,life,688479,9700,343,4,19,470000
3.5,1,life,240278,3400,70,5,19,880000
3.5,1,life,192285,4400,58,10,19,320000
2.5,1,life,248523,5900,85,10,19,320000
1.5,0,life,43599,1600,13,4,19,380000
1,1,life,44761,1600,32,4,19,380000
3.5,0,life,396007,5200,144,5,19,880000
3.5,0,life,267451,3200,121,5,19,880000
2.5,1,life,182079,3900,102,5,19,880000
2.5,1,life,231171,2900,97,5,19,880000
2.5,1,life,76580,2100,178,4,19,380000
2.8,1,life,159372,2700,69,4,19,470000
2.5,3,life,667579,7000,430,5,19,880000
3.5,3,life,449792,4800,115,5,19,880000
2.5,0,life,206918,6700,81,10,19,320000
2.5,3,life,181752,3300,55,8,19,541000
3.5,0,life,266673,3300,529,5,20,880000
3.5,1,life,199706,3500,60,5,20,880000
3.5,1,life,266406,4800,85,5,20,880000
3.5,1,life,111598,2200,52,4,20,470000
2.5,1,life,155699,0,0,10,20,320000
2.5,0,life,528353,12000,260,5,20,880000
2.5,1,life,210055,0,0,10,20,320000
3.5,4,life,470640,9400,580,2,20,2150000
3.5,1,life,230886,6400,58,5,20,880000
2.5,1,life,262901,4600,81,5,20,880000
2.5,1,life,87835,2600,73,4,20,470000
3.5,1,life,209781,3500,80,5,20,880000
2.5,1,life,25575,1300,16,4,20,380000
2.5,1,life,491562,6200,152,5,20,880000
2.5,1,life,475636,8000,131,5,21,880000
3.5,3,life,364694,6100,113,5,21,880000
3.5,0,life,654544,7100,180,5,21,880000
1.5,1,life,836534,27000,522,4,21,470000
2.5,3,life,322359,7500,141,10,21,320000
2.5,1,life,351863,4800,142,4,21,470000
3.5,1,life,477684,5500,150,5,21,880000
2.5,1,life,202738,5000,87,4,21,470000
2.5,1,life,204728,3200,101,5,21,880000
3.5,1,life,824049,10000,214,5,22,880000
2.5,1,life,130261,3700,52,10,22,320000
2.5,1,life,460117,4000,317,5,22,880000
2.5,1,life,50428,617,23,4,22,470000
2.5,3,life,289367,4800,80,5,22,880000
3.5,1,life,105923,2800,28,10,22,320000
2.5,1,life,175940,3500,68,4,22,470000
2.5,1,life,223014,7200,57,10,22,320000
3.5,0,life,185401,2300,78,5,22,880000
1.5,1,life,813660,22000,298,16,22,1010000
3,1,life,880135,24000,460,5,22,880000
3.5,1,life,350070,4600,94,5,22,880000
2.5,1,life,112979,2100,39,4,22,470000
2.8,1,life,188022,3100,106,4,22,470000
2.5,3,life,70776,1900,32,10,22,320000
1.5,1,life,197895,4800,59,8,22,541000
2.5,0,life,333178,6900,103,8,22,541000
2.5,1,life,232235,4100,111,8,22,541000
2.5,1,life,1014811,9600,295,5,23,880000
3.5,1,life,434815,9000,157,10,23,320000
3.5,3,life,341093,4000,104,5,23,880000
2.5,1,life,215121,3700,70,4,23,470000
2.5,1,life,169907,4000,73,10,23,320000
2.5,1,life,134502,2400,44,4,23,470000
1.5,1,life,349990,6000,170,4,23,470000
2.5,1,life,90685,2600,44,10,23,320000
2.5,0,life,668974,17000,140,10,23,320000
2.5,1,life,189218,3800,88,8,23,541000
2.5,1,life,561875,3000,91,32,23,806000
2.5,0,life,106877,3100,36,10,24,320000
3.5,1,life,780751,13000,211,5,24,880000
2,1,life,68840,1700,29,4,25,380000
2.5,1,life,356512,7300,112,10,25,320000
2.5,1,life,224154,4700,68,10,25,320000
2.5,0,life,286622,6100,77,8,25,541000
3.5,1,life,114632,3000,47,10,26,320000
2.5,1,life,697971,9800,232,4,26,470000
2.5,1,life,280914,5900,178,4,26,470000
2,1,life,83880,1700,92,4,26,470000
1.5,0,life,301598,4800,96,8,26,541000
2.5,0,life,263454,4200,84,8,26,541000
2.5,1,life,423129,8500,134,8,26,541000
2.5,0,life,284029,4800,82,8,26,541000
3.5,1,life,330284,5100,94,8,26,541000
3.5,1,life,395352,9500,89,8,26,541000
2.5,1,life,309503,0,0,10,27,320000
3.5,1,life,121222,2300,41,4,27,470000
3.5,0,life,624402,6000,225,5,27,880000
3.5,1,life,569838,1800,62,32,27,806000
3.8,1,life,286208,4400,167,4,28,470000
1.5,0,life,361175,5900,123,8,28,541000
2.5,1,life,190085,3600,55,8,28,541000
2.5,1,life,147932,2200,58,4,29,470000
2.5,1,life,121993,2500,132,4,29,470000
3.5,1,life,153880,2800,38,8,30,541000
2.5,1,life,282958,5100,102,8,30,541000
2.5,1,life,1237866,14000,384,8,31,541000
2.5,0,life,243353,4100,96,8,31,541000
2.5,0,life,356925,5400,104,8,32,541000
1.5,3,life,169096,3300,102,8,32,541000
2.8,0,life,206218,3600,61,8,32,541000
3.5,1,life,329658,6700,98,10,33,320000
3.5,1,life,439561,10000,164,10,33,320000
2.5,1,life,99243,2300,46,4,36,470000
2.5,1,life,210430,3500,85,4,39,470000
2,4,life,154088,2100,1300,2,41,670000
3.5,1,life,188438,5100,79,10,42,320000
1.5,1,life,11532,395,5,16,44,506000
3.5,4,life,290469,3700,54,2,46,670000
2.5,3,life,160115,4700,71,10,52,320000
1.3,1,life,31149,888,7,16,60,506000
1.8,1,life,29938,961,13,16,64,506000
1.3,1,life,18736,525,9,16,64,506000
3,1,life,21272,640,11,16,66,506000
1.3,1,life,16768,487,11,16,66,506000
1.3,2,life,38915,1000,10,16,67,506000
3.5,1,life,566757,1600,61,32,67,806000
1.3,1,life,28057,677,9,16,67,506000
1.3,1,life,23018,603,6,16,69,506000
1.3,2,life,25814,749,7,16,71,506000
1.3,1,life,27187,740,8,16,75,506000
3,4,life,114918,1500,15,2,80,670000
1,1,life,24592,641,7,16,84,506000
1.3,2,life,31683,851,9,16,86,506000
3.5,1,life,1264422,3000,68,32,123,806000
3.5,1,life,840959,3700,141,32,126,806000
3.5,3,life,595996,3200,139,32,150,806000
0,1,eating,794793 ,16000 ,561 ,7 ,9 ,1720000 
0,5,eating,384861 ,11000 ,273 ,7 ,9 ,1720000 
0.5,2,eating,98041 ,2600 ,68 ,13 ,9 ,402000 
1,4,eating,199188 ,7600 ,218 ,6 ,9 ,891000 
0,1,eating,297138 ,9300 ,165 ,7 ,9 ,1720000 
0,5,eating,128851 ,2700 ,85 ,5 ,9 ,532000 
0,1,eating,1061778 ,21000 ,689 ,7 ,9 ,1720000 
0,3,eating,868918 ,17000 ,649 ,7 ,9 ,1720000 
0,1,eating,929671 ,22000 ,468 ,7 ,9 ,1720000 
0.5,1,eating,1146431 ,18000 ,752 ,13 ,9 ,402000 
0,1,eating,779841 ,18000 ,583 ,7 ,9 ,1720000 
0,1,eating,604973 ,9700 ,364 ,5 ,9 ,532000 
0.5,0,eating,79909 ,1900 ,45 ,13 ,9 ,402000 
0,3,eating,259633 ,5300 ,93 ,5 ,9 ,532000 
1.5,4,eating,177582 ,7000 ,139 ,6 ,9 ,891000 
0.5,1,eating,7114356 ,66000 ,3900 ,19 ,9 ,2320000 
0.5,1,eating,3040650 ,43000 ,2100 ,13 ,9 ,402000 
1,1,eating,198112 ,6800 ,143 ,6 ,9 ,891000 
0,1,eating,233353 ,4700 ,108 ,5 ,8 ,532000 
1,4,eating,113259 ,5300 ,125 ,6 ,8 ,891000 
0.5,5,eating,592468 ,18000 ,368 ,19 ,8 ,2320000 
0.5,1,eating,95699 ,1700 ,76 ,13 ,8 ,402000 
0,1,eating,551994 ,16000 ,370 ,7 ,8 ,1720000 
0,3,eating,1107056 ,20000 ,571 ,5 ,8 ,532000 
0,3,eating,557062 ,17000 ,510 ,5 ,8 ,1540000 
0,5,eating,3352483 ,50000 ,2100 ,7 ,8 ,1720000 
1,4,eating,141821 ,4500 ,123 ,6 ,8 ,891000 
0,3,eating,857901 ,17000 ,482 ,7 ,8 ,1720000 
0,1,eating,92360 ,2400 ,81 ,5 ,8 ,532000 
0,1,eating,2951081 ,50000 ,2500 ,7 ,8 ,1720000 
0,1,eating,2951081 ,50000 ,2500 ,7 ,8 ,1720000 
0.5,3,eating,139040 ,1800 ,54 ,13 ,8 ,402000 
0.5,0,eating,176160 ,2900 ,109 ,13 ,8 ,402000 
0.5,2,eating,1031759 ,16000 ,710 ,13 ,8 ,402000 
1,3,eating,339808 ,11000 ,314 ,6 ,8 ,891000 
0,1,eating,176337 ,4900 ,107 ,5 ,8 ,532000 
0,3,eating,5144673 ,100000 ,3900 ,7 ,8 ,1720000 
0.5,1,eating,595985 ,8400 ,378 ,13 ,7 ,402000 
1,4,eating,75501 ,3300 ,67 ,6 ,7 ,891000 
0,1,eating,626863 ,16000 ,378 ,7 ,7 ,1720000 
0.5,3,eating,145812 ,2400 ,104 ,13 ,7 ,402000 
1.5,4,eating,122356 ,5700 ,109 ,6 ,7 ,891000 
1.5,4,eating,283749 ,10000 ,261 ,6 ,7 ,891000 
0.5,1,eating,50249 ,1100 ,32 ,13 ,7 ,402000 
1.5,4,eating,69169 ,3000 ,75 ,6 ,7 ,891000 
1,5,eating,60078 ,2700 ,51 ,6 ,7 ,891000 
0,1,eating,2840077 ,40000 ,2400 ,5 ,7 ,532000 
1,1,eating,200028 ,6500 ,173 ,6 ,7 ,891000 
0.5,3,eating,113976 ,2600 ,99 ,13 ,7 ,402000 
1,4,eating,97420 ,3600 ,87 ,6 ,7 ,891000 
0,3,eating,754922 ,15000 ,611 ,7 ,7 ,1720000 
0,4,eating,131009 ,2700 ,83 ,5 ,7 ,532000 
0,1,eating,322147 ,9000 ,225 ,7 ,7 ,1720000 
1.5,4,eating,135833 ,6000 ,89 ,6 ,7 ,891000 
0.5,1,eating,720704 ,13000 ,489 ,13 ,7 ,402000 
1.5,3,eating,87264 ,3000 ,85 ,6 ,7 ,891000 
0,4,eating,231010 ,4900 ,117 ,5 ,7 ,532000 
0,0,eating,142883 ,3200 ,47 ,5 ,7 ,532000 
0.5,1,eating,869918 ,12000 ,524 ,13 ,6 ,402000 
1.5,3,eating,243722 ,8000 ,329 ,6 ,6 ,891000 
1.5,1,eating,141848 ,5100 ,121 ,6 ,6 ,891000 
1.5,4,eating,305841 ,11000 ,171 ,6 ,6 ,891000 
1.5,4,eating,307288 ,11000 ,847 ,6 ,6 ,891000 
1.5,1,eating,107095 ,2800 ,55 ,5 ,6 ,532000 
0,4,eating,278551 ,5600 ,129 ,5 ,6 ,532000 
0,3,eating,2866163 ,39000 ,2500 ,5 ,6 ,532000 
0,4,eating,914055 ,13000 ,470 ,5 ,6 ,532000 
1.5,3,eating,260778 ,11000 ,594 ,6 ,6 ,891000 
0,3,eating,191741 ,3700 ,120 ,5 ,6 ,532000 
0,5,eating,158490 ,2900 ,87 ,5 ,57 ,532000 
1.5,4,eating,402284 ,10000 ,239 ,6 ,5 ,891000 
0.5,1,eating,104158 ,1800 ,60 ,13 ,5 ,402000 
0.5,1,eating,1603009 ,15000 ,1600 ,13 ,4 ,402000 
0,3,eating,1599290 ,33000 ,1000 ,7 ,4 ,1720000 
0,1,eating,107515 ,4100 ,96 ,5 ,3 ,1540000 
0,1,eating,1009032 ,20000 ,612 ,7 ,3 ,1720000 
0,3,eating,195825 ,4100 ,94 ,5 ,24 ,532000 
0,2,eating,312818 ,9300 ,977 ,5 ,23 ,1540000 
0,1,eating,319284 ,5600 ,193 ,5 ,23 ,532000 
0,1,eating,184723 ,3600 ,74 ,5 ,22 ,532000 
0,1,eating,251148 ,6900 ,298 ,5 ,22 ,1540000 
0,1,eating,201003 ,3400 ,78 ,5 ,22 ,532000 
0,5,eating,192044 ,6000 ,393 ,5 ,21 ,1540000 
0,5,eating,184921 ,3600 ,76 ,5 ,19 ,532000 
0,1,eating,235929 ,9400 ,7500 ,5 ,18 ,1540000 
0,1,eating,4688165 ,55000 ,2500 ,5 ,18 ,1540000 
0,1,eating,464394 ,13000 ,299 ,5 ,18 ,1540000 
1,1,eating,412216 ,6800 ,353 ,6 ,17 ,891000 
0,3,eating,5205025 ,53000 ,3900 ,5 ,16 ,532000 
0.5,1,eating,465541 ,8300 ,420 ,13 ,16 ,402000 
1,3,eating,1614358 ,35000 ,1500 ,6 ,16 ,891000 
0,1,eating,182671 ,7300 ,189 ,5 ,16 ,1540000 
0,3,eating,227009 ,6700 ,380 ,5 ,16 ,1540000 
1.5,4,eating,1492379 ,36000 ,1100 ,6 ,16 ,891000 
0,1,eating,484298 ,13000 ,346 ,5 ,16 ,1540000 
1,5,eating,4206179 ,38000 ,4000 ,6 ,16 ,891000 
0,1,eating,295006 ,5400 ,115 ,5 ,16 ,532000 
0,1,eating,342349 ,9800 ,409 ,5 ,16 ,1540000 
0.5,2,eating,510503 ,5800 ,326 ,13 ,15 ,402000 
0.5,2,eating,579794 ,9000 ,536 ,13 ,15 ,402000 
0.5,1,eating,7740270 ,84000 ,8100 ,13 ,15 ,402000 
0,1,eating,408003 ,5700 ,21000 ,5 ,14 ,1540000 
0.5,3,eating,1053871 ,18000 ,622 ,13 ,14 ,402000 
0,5,eating,175821 ,5500 ,1200 ,5 ,14 ,1540000 
0,2,eating,435466 ,12000 ,393 ,5 ,14 ,1540000 
0,1,eating,544013 ,13000 ,312 ,5 ,14 ,1540000 
0,3,eating,357028 ,9600 ,336 ,5 ,14 ,1540000 
0,3,eating,372072 ,7800 ,202 ,5 ,14 ,532000 
0,1,eating,357314 ,11000 ,301 ,5 ,14 ,1540000 
1,4,eating,437647 ,14000 ,275 ,6 ,14 ,891000 
0,1,eating,280411 ,8600 ,207 ,5 ,14 ,1540000 
0.5,1,eating,1857544 ,23000 ,967 ,13 ,14 ,402000 
1.5,4,eating,4619121 ,85000 ,3800 ,6 ,14 ,891000 
0.5,1,eating,4711343 ,60000 ,4200 ,13 ,14 ,402000 
0.5,5,eating,148954 ,3600 ,92 ,13 ,14 ,402000 
0,1,eating,89642 ,5500 ,1300 ,5 ,13 ,1540000 
1,3,eating,273150 ,9700 ,275 ,6 ,13 ,891000 
0,3,eating,226702 ,6900 ,912 ,5 ,13 ,1540000 
0.5,1,eating,197737 ,3000 ,113 ,13 ,13 ,402000 
0,3,eating,278967 ,7200 ,2800 ,5 ,13 ,1540000 
0,1,eating,258272 ,7400 ,204 ,5 ,13 ,1540000 
0,1,eating,882577 ,21000 ,580 ,7 ,13 ,1720000 
0.5,0,eating,607844 ,7900 ,443 ,13 ,13 ,402000 
0.5,1,eating,758738 ,14000 ,668 ,13 ,13 ,402000 
0,1,eating,237051 ,7900 ,226 ,5 ,13 ,1540000 
1,1,eating,70927 ,2800 ,60 ,6 ,13 ,891000 
1.5,3,eating,1991756 ,46000 ,1400 ,6 ,13 ,891000 
0.5,1,eating,11823 ,1600 ,49 ,13 ,13 ,402000 
0,1,eating,141223 ,2700 ,86 ,5 ,13 ,532000 
0,1,eating,4009620 ,46000 ,2100 ,5 ,13 ,1540000 
0,1,eating,335380 ,11000 ,205 ,5 ,12 ,1540000 
1,3,eating,2549257 ,54000 ,1800 ,6 ,12 ,891000 
0,5,eating,690645 ,11000 ,265 ,5 ,12 ,532000 
0,5,eating,309475 ,6900 ,202 ,5 ,12 ,532000 
1,4,eating,374230 ,11000 ,326 ,6 ,12 ,891000 
0.5,5,eating,2706901 ,68000 ,1100 ,19 ,12 ,2320000 
0,1,eating,348534 ,12000 ,408 ,5 ,12 ,1540000 
0,3,eating,476514 ,14000 ,606 ,5 ,12 ,1540000 
1,4,eating,6781997 ,160000 ,6800 ,6 ,12 ,891000 
0.5,4,eating,2011310 ,46000 ,787 ,19 ,12 ,2320000 
0.5,1,eating,1105524 ,15000 ,652 ,13 ,12 ,402000 
0,2,eating,3018802 ,50000 ,2200 ,7 ,12 ,1720000 
0.5,1,eating,1147319 ,25000 ,579 ,19 ,12 ,2320000 
0,1,eating,123695 ,2800 ,57 ,5 ,12 ,532000 
1,4,eating,1394905 ,41000 ,1000 ,6 ,12 ,891000 
0,1,eating,651373 ,16000 ,401 ,7 ,12 ,1720000 
0.5,1,eating,513216 ,6700 ,262 ,13 ,12 ,402000 
0,1,eating,304981 ,8700 ,211 ,5 ,12 ,1540000 
1,4,eating,5517524 ,100000 ,4700 ,6 ,12 ,891000 
0.5,1,eating,1748875 ,24000 ,1200 ,13 ,12 ,402000 
1,4,eating,794033 ,20000 ,520 ,6 ,12 ,891000 
1,1,eating,84562 ,2700 ,74 ,6 ,12 ,891000 
0,0,eating,383434 ,21000 ,278 ,7 ,12 ,1720000 
0,5,eating,190583 ,5700 ,498 ,5 ,12 ,1540000 
0,5,eating,481584 ,10000 ,264 ,5 ,12 ,532000 
0,5,eating,7910529 ,150000 ,6200 ,7 ,12 ,1720000 
0,1,eating,1629946 ,18000 ,1100 ,5 ,11 ,532000 
0,3,eating,176812 ,7600 ,2600 ,5 ,11 ,1540000 
1,3,eating,2990938 ,68000 ,2400 ,6 ,11 ,891000 
1,3,eating,1194667 ,27000 ,833 ,6 ,11 ,891000 
0.5,3,eating,371265 ,7700 ,262 ,13 ,11 ,402000 
0,5,eating,263585 ,8700 ,217 ,5 ,11 ,1540000 
0,5,eating,947582 ,22000 ,668 ,7 ,11 ,1720000 
0,3,eating,539791 ,10000 ,228 ,5 ,11 ,532000 
0,1,eating,255829 ,7100 ,286 ,5 ,11 ,1540000 
0.5,3,eating,50546 ,1200 ,42 ,13 ,11 ,402000 
0.5,4,eating,1652256 ,37000 ,664 ,19 ,11 ,2320000 
0.5,1,eating,641888 ,18000 ,328 ,19 ,11 ,2320000 
0,1,eating,310175 ,9500 ,234 ,5 ,11 ,1540000 
0,1,eating,465500 ,14000 ,377 ,5 ,11 ,1540000 
0,4,eating,277094 ,8300 ,161 ,7 ,11 ,1720000 
0.5,2,eating,448845 ,6800 ,294 ,13 ,11 ,402000 
0,5,eating,3880277 ,70000 ,2700 ,7 ,11 ,1720000 
0,3,eating,304571 ,5600 ,159 ,5 ,11 ,532000 
0.5,3,eating,192157 ,3100 ,83 ,13 ,11 ,402000 
0.5,0,eating,1862746 ,45000 ,802 ,19 ,11 ,2320000 
0.5,1,eating,1841734 ,33000 ,963 ,19 ,11 ,2320000 
0,5,eating,732566 ,16000 ,398 ,7 ,11 ,1720000 
1.5,3,eating,5857777 ,86000 ,6200 ,6 ,11 ,891000 
0.5,1,eating,2094818 ,34000 ,1300 ,19 ,11 ,2320000 
0,3,eating,289837 ,11000 ,317 ,5 ,11 ,1540000 
0,1,eating,204458 ,4800 ,84 ,5 ,11 ,532000 
0,5,eating,551359 ,13000 ,333 ,7 ,11 ,1720000 
0.5,0,eating,1989905 ,51000 ,1100 ,19 ,11 ,2320000 
0.5,1,eating,1395440 ,29000 ,693 ,19 ,11 ,2320000 
0,1,eating,1278219 ,23000 ,862 ,7 ,11 ,1720000 
0,4,eating,105262 ,2500 ,64 ,5 ,11 ,532000 
0.5,1,eating,1920943 ,38000 ,970 ,19 ,11 ,2320000 
0,5,eating,224748 ,8500 ,169 ,7 ,10 ,1720000 
0.5,1,eating,1383344 ,26000 ,878 ,19 ,10 ,2320000 
0.5,1,eating,1050008 ,25000 ,513 ,19 ,10 ,2320000 
0.5,1,eating,829264 ,23000 ,495 ,19 ,10 ,2320000 
0,1,eating,431030 ,10000 ,303 ,5 ,10 ,1540000 
0.5,0,eating,1237063 ,36000 ,509 ,19 ,10 ,2320000 
0.5,5,eating,992925 ,27000 ,530 ,19 ,10 ,2320000 
0.5,1,eating,783221 ,26000 ,413 ,19 ,10 ,2320000 
0,3,eating,2461583 ,42000 ,1600 ,7 ,10 ,1720000 
0,5,eating,3165942 ,48000 ,2300 ,5 ,10 ,532000 
0.5,1,eating,803723 ,20000 ,402 ,19 ,10 ,2320000 
0.5,2,eating,6641690 ,79000 ,5000 ,19 ,10 ,2320000 
0,1,eating,848819 ,17000 ,530 ,7 ,10 ,1720000 
0.5,1,eating,617007 ,19000 ,497 ,19 ,10 ,2320000 
0.5,1,eating,1355422 ,29000 ,735 ,19 ,10 ,2320000 
0.5,1,eating,629754 ,24000 ,347 ,19 ,10 ,2320000 
0,1,eating,552287 ,12000 ,367 ,5 ,10 ,1540000 
0.5,3,eating,4468617 ,52000 ,2500 ,5 ,10 ,1540000 
0.5,1,eating,1467874 ,30000 ,773 ,19 ,10 ,2320000 
0,1,eating,1274560 ,28000 ,894 ,7 ,10 ,1720000 
0.5,1,eating,1403278 ,35000 ,797 ,19 ,10 ,2320000 
0,1,eating,269416 ,5100 ,96 ,5 ,10 ,532000 
0,5,eating,8741798 ,150000 ,7800 ,7 ,10 ,1720000 
0.5,3,eating,4932640 ,68000 ,2600 ,19 ,10 ,2320000 
0.5,1,eating,577907 ,7000 ,217 ,13 ,10 ,402000 
0,1,eating,1581594 ,32000 ,803 ,7 ,10 ,1720000 
0,1,eating,679325 ,17000 ,469 ,5 ,10 ,1540000 
0,3,eating,2295984 ,40000 ,2000 ,7 ,10 ,1720000 
0.5,5,eating,857241 ,28000 ,445 ,19 ,10 ,2320000 
0,1,eating,162588 ,3000 ,73 ,5 ,10 ,532000 
0.5,5,eating,4736473 ,77000 ,2400 ,19 ,10 ,2320000 
0.5,0,eating,1425269 ,34000 ,679 ,19 ,10 ,2320000 
0,1,eating,424409 ,5900 ,173 ,5 ,10 ,532000 
0.5,1,eating,81281 ,1700 ,34 ,13 ,10 ,402000 
0.5,2,eating,62631 ,6400 ,97 ,19 ,10 ,2320000 
0,5,eating,810823 ,18000 ,634 ,7 ,10 ,1720000 
0,1,eating,512462 ,13000 ,443 ,7 ,10 ,1720000 
0.5,1,eating,2352890 ,47000 ,942 ,19 ,10 ,2320000 
1.5,4,eating,181620 ,7400 ,241 ,6 ,10 ,891000 
0,3,eating,1597661 ,35000 ,1200 ,7 ,10 ,1720000 
0,3,eating,627487 ,20000 ,474 ,5 ,10 ,1540000 
0.5,1,eating,1314459 ,28000 ,715 ,19 ,10 ,2320000 
0,5,eating,2262892 ,36000 ,1500 ,7 ,10 ,1720000 
0,3,eating,1500797 ,45000 ,1100 ,5 ,10 ,1540000 
0.5,0,eating,3075733 ,61000 ,1200 ,19 ,10 ,2320000 
0.5,1,eating,2251159 ,35000 ,1400 ,19 ,10 ,2320000 
0.5,3,eating,1542804 ,32000 ,721 ,19 ,10 ,2320000 
1.5,4,eating,204051 ,7300 ,149 ,6 ,10 ,891000 
0.5,1,eating,1026646 ,22000 ,538 ,19 ,10 ,2320000 
0,2,eating,2370253 ,42000 ,1600 ,7 ,10 ,1720000 
0,1,eating,78540 ,2600 ,37 ,5 ,10 ,532000 
0,3,eating,450576 ,7800 ,158 ,5 ,10 ,532000 
0.5,1,eating,2791284 ,50000 ,1700 ,19 ,10 ,2320000 
0.5,1,eating,2146778 ,39000 ,1000 ,19 ,10 ,2320000 
0.5,1,eating,1376448 ,32000 ,728 ,19 ,10 ,2320000 
0,1,eating,975101 ,21000 ,622 ,7 ,10 ,1720000 
0.5,1,eating,100411 ,1700 ,51 ,13 ,10 ,402000 
0.5,1,eating,8622818 ,120000 ,4100 ,19 ,10 ,2320000 
0.5,4,eating,853370 ,25000 ,373 ,19 ,10 ,2320000 
0.5,3,eating,2316587 ,30000 ,1400 ,13 ,10 ,402000 
0,3,eating,228821 ,4000 ,93 ,5 ,10 ,532000 
1,1,eating,83277 ,3400 ,64 ,6 ,10 ,891000 
1,4,eating,290310 ,13000 ,234 ,6 ,10 ,891000 
0.5,2,eating,1818012 ,22000 ,1100 ,13 ,10 ,402000 
0.5,2,eating,1696482 ,23000 ,1000 ,13 ,10 ,402000 
0.5,1,eating,779168 ,10000 ,465 ,13 ,10 ,402000 
0.5,1,eating,449335 ,6600 ,282 ,13 ,10 ,402000 
0.5,3,eating,363226 ,6900 ,262 ,13 ,10 ,402000 
0.5,1,eating,14753062 ,120000 ,7600 ,19 ,13 ,2320000 
0,1,eating,12453755 ,180000 ,10000 ,7 ,13 ,1720000 
0,1,eating,9927948 ,130000 ,8500 ,7 ,12 ,1720000 
0,3,eating,41824148 ,370000 ,33000 ,5 ,11 ,1540000 
0.5,3,eating,20049172 ,150000 ,1200 ,5 ,11 ,1540000 
0.5,1,eating,10499008 ,100000 ,6100 ,19 ,11 ,2320000 
0,5,eating,3438566 ,48000 ,1900 ,5 ,6 ,532000 
0,1,eating,107552 ,3000 ,65 ,5 ,21 ,532000 
